,Massive Credits to Sandow for the template and filling in the moveset changes,,,,,,,,,,,,,,,,,,,,,,
,,,,,,,,,,,,,,,,,,,,,,,
,Bulbasaur,,Learnset,,Ivysaur,,Learnset,,Venusaur,,Learnset,,,,,,,,,,,,
,,,1 - Tackle,,,,1 - Tackle,,,,1 - Tackle,,,,,,,,,,,,
,,,1 - Growl,,,,1 - Growl,,,,1 - Growl,,,,,,,,,,,,
,,,6 - Vine Whip,,,,6 - Vine Whip,,,,6 - Vine Whip,,,,,,,,,,,,
,,,7 - Leech Seed,,,,7 - Leech Seed,,,,7 - Leech Seed,,,,,,,,,,,,
,,,10 - Sludge,,,,10 - Sludge,,,,10 - Sludge,,,,,,,,,,,,
,GRASS,POISON,15 - Toxic,,GRASS,POISON,15 - Toxic,,GRASS,POISON,15 - Toxic,,,,,,,,,,,,
,Ability 1,Thick Fat,15 - Sleep Powder,,Ability 1,Thick Fat,15 - Sleep Powder,,Ability 1,Thick Fat,15 - Sleep Powder,,,,,,,,,,,,
,Ability 2,Thick Fat,18 - Knock Off,,Ability 2,Thick Fat,18 - Knock Off,,Ability 2,Thick Fat,18 - Knock Off,,,,,,,,,,,,
,Base Stats,,22 - Magical Leaf,,Base Stats,,22 - Magical Leaf,,Base Stats,,22 - Magical Leaf,,,,,,,,,,,,
,HP,45,27 - Giga Drain,,HP,80(+10),27 - Giga Drain,,HP,85(+5),27 - Giga Drain,,,,,,,,,,,,
,Attack,49,31 - Sludge Bomb,,Attack,62,31 - Sludge Bomb,,Attack,82,31 - Sludge Bomb,,,,,,,,,,,,
,Defense,49,36 - Earthquake,,Defense,63,36 - Earthquake,,Defense,88(+5),36 - Earthquake,,,,,,,,,,,,
,Special Attack,65,41 - Leaf Blade,,Special Attack,80,41 - Leaf Blade,,Special Attack,115(+15),41 - Leaf Blade,,,,,,,,,,,,
,Special Defense,65,44 - Poison Tail,,Special Defense,80,44 - Poison Tail,,Special Defense,100,44 - Poison Tail,,,,,,,,,,,,
,Speed,45,47 - Crunch,,Speed,60,47 - Crunch,,Speed,85(+5),47 - Crunch,,,,,,,,,,,,
,,,50 - Slack Off,,Evolves at level 16.,,50 - Slack Off,,Evolves at level 36.,,50 - Slack Off,,,,,,,,,,,,
,,,55 - Protect,,,,55 - Protect,,,,55 - Protect,,,,,,,,,,,,
,,,60 - Petal Dance,,,,60 - Petal Dance,,,,60 - Petal Dance,,,,,,,,,,,,
,,,74 - Frenzy Plant,,,,74 - Frenzy Plant,,,,74 - Frenzy Plant,,,,,,,,,,,,
,,,,,,,,,,,,,,,,,,,,,,,
,,,,,,,,,,,,,,,,,,,,,,,
,Charmander,,Learnset,,Charmeleon,,Learnset,,Charizard,,Learnset,,,,,,,,,,,,
,,,1 - Scratch,,,,1 - Scratch,,,,1 - Scratch,,,,,,,,,,,,
,,,1 - Growl,,,,1 - Growl,,,,1 - Growl,,,,,,,,,,,,
,,,6 - Ember,,,,6 - Ember,,,,6 - Ember,,,,,,,,,,,,
,,,7 - Metal Claw,,,,7 - Metal Claw,,,,7 - Metal Claw,,,,,,,,,,,,
,,,17 - Dragon Rage,,,,17 - Dragon Rage,,,,17 - Dragon Rage,,,,,,,,,,,,
,FIRE,,20 - Fire Punch,,FIRE,,20 - Fire Punch,,FIRE,FLYING,20 - Fire Punch,,,,,,,,,,,,
,Ability 1,Flash Fire,27 - Thunder Punch,,Ability 1,Flash Fire,27 - Thunder Punch,,Ability 1,Flash Fire,27 - Thunder Punch,,,,,,,,,,,,
,Ability 2,Flash Fire,36 - Aerial Ace,,Ability 2,Flash Fire,36 - Aerial Ace,,Ability 2,Flash Fire,36 - Aerial Ace,,,,,,,,,,,,
,Base Stats,,44 - Flamethrower,,Base Stats,,44 - Flamethrower,,Base Stats,,44 - Flamethrower,,,,,,,,,,,,
,HP,39,54 - Aeroblast,,HP,58,54 - Aeroblast,,HP,69(-9),54 - Aeroblast,,,,,,,,,,,,
,Attack,52,54 - Heat Wave,,Attack,84(+20),54 - Heat Wave,,Attack,116(+32),54 - Heat Wave,,,,,,,,,,,,
,Defense,43,60 - Outrage,,Defense,58,60 - Outrage,,Defense,68(-10),60 - Outrage,,,,,,,,,,,,
,Special Attack,60,74 - Overheat,,Special Attack,80,74 - Overheat,,Special Attack,116(+7),74 - Overheat,,,,,,,,,,,,
,Special Defense,50,84 - Sky Attack,,Special Defense,65,84 - Sky Attack,,Special Defense,76(-9),84 - Sky Attack,,,,,,,,,,,,
,Speed,65,84 - Blast Burn,,Speed,80,84 - Blast Burn,,Speed,110(+10),84 - Blast Burn,,,,,,,,,,,,
,,,,,Evolves at level 16.,,,,Evolves at level 36.,,,,,,,,,,,,,,
,,,,,,,,,,,,,,,,,,,,,,,
,,,,,,,,,,,,,,,,,,,,,,,
,Squirtle,,Learnset,,Wartortle,,Learnset,,Blastoise,,Learnset,,,,,,,,,,,,
,,,1 - Tackle,,,,1 - Tackle,,,,1 - Tackle,,,,,,,,,,,,
,,,1 - Tail Whip,,,,1 - Tail Whip,,,,1 - Tail Whip,,,,,,,,,,,,
,,,6 - Water Gun,,,,6 - Water Gun,,,,6 - Water Gun,,,,,,,,,,,,
,,,10 - Icy Wind,,,,10 - Icy Wind,,,,10 - Icy Wind,,,,,,,,,,,,
,,,13 - BubbleBeam,,,,13 - BubbleBeam,,,,13 - BubbleBeam,,,,,,,,,,,,
,WATER,,19 - Bite,,WATER,,19 - Bite,,WATER,STEEL,19 - Bite,,,,,,,,,,,,
,Ability 1,Shell Armor,22 - Metal Bash,,Ability 1,Shell Armor,22 - Metal Bash,,Ability 1,Shell Armor,22 - Metal Bash,,,,,,,,,,,,
,Ability 2,Shell Armor,25 - Rapid Spin,,Ability 2,Shell Armor,25 - Rapid Spin,,Ability 2,Shell Armor,25 - Rapid Spin,,,,,,,,,,,,
,Base Stats,,28 - Crunch,,Base Stats,,28 - Crunch,,Base Stats,,28 - Crunch,,,,,,,,,,,,
,HP,44,31 - Protect,,HP,79(+20),31 - Protect,,HP,79,31 - Protect,,,,,,,,,,,,
,Attack,48,36 - Waterfall,,Attack,63,36 - Waterfall,,Attack,103(+20),36 - Waterfall,,,,,,,,,,,,
,Defense,65,44 - Flash Cannon,,Defense,80,44 - Flash Cannon,,Defense,100,44 - Flash Cannon,,,,,,,,,,,,
,Special Attack,50,50 - Fake Out,,Special Attack,75(+10),50 - Fake Out,,Special Attack,115(+30),50 - Fake Out,,,,,,,,,,,,
,Special Defense,64,65 - Cross Chop,,Special Defense,80,65 - Cross Chop,,Special Defense,105,65 - Cross Chop,,,,,,,,,,,,
,Speed,43,74 - Hydro Cannon,,Speed,48(-10),74 - Hydro Cannon,,Speed,53(-15),74 - Hydro Cannon,,,,,,,,,,,,
,,,74 - Doom Desire,,Evolves at level 16.,,74 - Doom Desire,,Evolves at level 36.,,74 - Doom Desire,,,,,,,,,,,,
,,,80 - Water Spout,,,,80 - Water Spout,,,,80 - Water Spout,,,,,,,,,,,,
,,,100 - Recover,,,,100 - Recover,,,,100 - Recover,,,,,,,,,,,,
,,,,,,,,,,,,,,,,,,,,,,,
,,,,,,,,,,,,,,,,,,,,,,,
,Caterpie,,Learnset,,Metapod,,Learnset,,Butterfree,,Learnset,,,,,,,,,,,,
,,,1 - Fury Cutter,,,,1 - Fury Cutter,,,,1 - Fury Cutter,,,,,,,,,,,,
,,,10 - Gust,,,,10 - Gust,,,,10 - Gust,,,,,,,,,,,,
,,,13 - Poison Powder,,,,13 - Poison Powder,,,,13 - Poison Powder,,,,,,,,,,,,
,,,14 - Stun Spore,,,,14 - Stun Spore,,,,14 - Stun Spore,,,,,,,,,,,,
,,,15 - Silver Wind,,,,15 - Silver Wind,,,,15 - Silver Wind,,,,,,,,,,,,
,BUG,,20 - Sleep Powder,,BUG,,20 - Sleep Powder,,BUG,FLYING,20 - Sleep Powder,,,,,,,,,,,,
,Ability 1,Shield Dust,23 - Aerial Ace,,Ability 1,Shield Dust,23 - Aerial Ace,,Ability 1,Compound Eyes,23 - Aerial Ace,,,,,,,,,,,,
,Ability 2,Shield Dust,28 - Leech Life,,Ability 2,Shield Dust,28 - Leech Life,,Ability 2,Compound Eyes,28 - Leech Life,,,,,,,,,,,,
,Base Stats,,34 - Aeroblast,,Base Stats,,34 - Aeroblast,,Base Stats,,34 - Aeroblast,,,,,,,,,,,,
,HP,45,39 - Signal Beam,,HP,50,39 - Signal Beam,,HP,60,39 - Signal Beam,,,,,,,,,,,,
,Attack,30,44 - Sky Attack,,Attack,20,44 - Sky Attack,,Attack,100(+55),44 - Sky Attack,,,,,,,,,,,,
,Defense,35,,,Defense,55,,,Defense,65(+15),,,,,,,,,,,,,
,Special Attack,20,,,Special Attack,25,,,Special Attack,40(-50),,,,,,,,,,,,,
,Special Defense,20,,,Special Defense,25,,,Special Defense,80,,,,,,,,,,,,,
,Speed,45,,,Speed,30,,,Speed,100(+30),,,,,,,,,,,,,
,,,,,Evolves at level 7,,,,Evolves at level 16.,,,,,,,,,,,,,,
,,,,,,,,,,,,,,,,,,,,,,,
,,,,,,,,,,,,,,,,,,,,,,,
,Weedle,,Learnset,,Kakuna,,Learnset,,Beedrill,,Learnset,,,,,,,,,,,,
,,,1 - Poison Sting,,,,1 - Poison Sting,,,,1 - Poison Sting,,,,,,,,,,,,
,,,10 - Sludge,,,,10 - Sludge,,,,10 - Sludge,,,,,,,,,,,,
,,,15 - Silver Wind,,,,15 - Silver Wind,,,,15 - Silver Wind,,,,,,,,,,,,
,,,20 - Brick Break,,,,20 - Brick Break,,,,20 - Brick Break,,,,,,,,,,,,
,,,25 - Sludge Bomb,,,,25 - Sludge Bomb,,,,25 - Sludge Bomb,,,,,,,,,,,,
,BUG,POISON,30 - Twineedle,,BUG,POISON,30 - Twineedle,,BUG,POISON,30 - Twineedle,,,,,,,,,,,,
,Ability 1,Poison Point,35 - Poison Tail,,Ability 1,Poison Point,35 - Poison Tail,,Ability 1,Levitate,35 - Poison Tail,,,,,,,,,,,,
,Ability 2,Poison Point,38 - Earthquake,,Ability 2,Poison Point,38 - Earthquake,,Ability 2,Levitate,38 - Earthquake,,,,,,,,,,,,
,Base Stats,,44 - Horn Drill,,Base Stats,,44 - Horn Drill,,Base Stats,,44 - Horn Drill,,,,,,,,,,,,
,HP,40,,,HP,45,,,HP,65,,,,,,,,,,,,,
,Attack,35,,,Attack,25,,,Attack,120(+30),,,,,,,,,,,,,
,Defense,30,,,Defense,50,,,Defense,40,,,,,,,,,,,,,
,Special Attack,20,,,Special Attack,25,,,Special Attack,45,,,,,,,,,,,,,
,Special Defense,20,,,Special Defense,25,,,Special Defense,80,,,,,,,,,,,,,
,Speed,50,,,Speed,35,,,Speed,115(+40),,,,,,,,,,,,,
,,,,,Evolves at level 7,,,,Evolves at level 16.,,,,,,,,,,,,,,
,,,,,,,,,,,,,,,,,,,,,,,
,,,,,,,,,,,,,,,,,,,,,,,
,Pidgey,,Learnset,,Pidgeotto,,Learnset,,Pidgeot,,Learnset,,,,,,,,,,,,
,,,1 - Tackle,,,,1 - Tackle,,,,1 - Tackle,,,,,,,,,,,,
,,,1 - Gust,,,,1 - Gust,,,,1 - Gust,,,,,,,,,,,,
,,,1 - Quick Attack,,,,1 - Quick Attack,,,,1 - Quick Attack,,,,,,,,,,,,
,,,5 - Karate Chop,,,,5 - Karate Chop,,,,5 - Karate Chop,,,,,,,,,,,,
,,,9 - Wing Attack,,,,9 - Wing Attack,,,,9 - Wing Attack,,,,,,,,,,,,
,FIGHTING,FLYING,13 - Mach Punch,,FIGHTING,FLYING,13 - Mach Punch,,FIGHTING,FLYING,13 - Mach Punch,,,,,,,,,,,,
,Ability 1,Keen Eye,16 - Double Kick,,Ability 1,Keen Eye,16 - Double Kick,,Ability 1,Intimidate,16 - Double Kick,,,,,,,,,,,,
,Ability 2,Keen Eye,27 - Aerial Ace,,Ability 2,Keen Eye,27 - Aerial Ace,,Ability 2,Intimidate,27 - Aerial Ace,,,,,,,,,,,,
,Base Stats,,34 - Submission,,Base Stats,,34 - Submission,,Base Stats,,34 - Submission,,,,,,,,,,,,
,HP,40,44 - Aeroblast,,HP,63,44 - Aeroblast,,HP,83,44 - Aeroblast,,,,,,,,,,,,
,Attack,45,74 - Sky Attack,,Attack,60,74 - Sky Attack,,Attack,120(+40),74 - Sky Attack,,,,,,,,,,,,
,Defense,40,74 - Superpower,,Defense,50,74 - Superpower,,Defense,75,74 - Superpower,,,,,,,,,,,,
,Special Attack,35,,,Special Attack,50,,,Special Attack,50(-20),,,,,,,,,,,,,
,Special Defense,35,,,Special Defense,50,,,Special Defense,70,,,,,,,,,,,,,
,Speed,56,,,Speed,71,,,Speed,106(+5),,,,,,,,,,,,,
,,,,,Evolves at level 16.,,,,Evolves at level 36.,,,,,,,,,,,,,,
,,,,,,,,,,,,,,,,,,,,,,,
,,,,,,,,,,,,,,,,,,,,,,,
,Rattata,,Learnset,,Raticate,,Learnset,,,,,,,,,,,,,,,,
,,,1 - Tackle,,,,1 - Tackle,,,,,,,,,,,,,,,,
,,,1 - Tail Whip,,,,1 - Tail Whip,,,,,,,,,,,,,,,,
,,,1 - Quick Attack,,,,1 - Quick Attack,,,,,,,,,,,,,,,,
,,,10 - Karate Chop,,,,10 - Karate Chop,,,,,,,,,,,,,,,,
,,,13 - Hyper Fang,,,,13 - Hyper Fang,,,,,,,,,,,,,,,,
,NORMAL,FIGHTING,20 - Body Slam,,NORMAL,FIGHTING,20 - Body Slam,,,,,,,,,,,,,,,,
,Ability 1,Guts,26 - Submission,,Ability 1,Guts,26 - Submission,,,,,,,,,,,,,,,,
,Ability 2,Guts,29 - Swift,,Ability 2,Guts,29 - Swift,,,,,,,,,,,,,,,,
,Base Stats,,34 - Crush Claw,,Base Stats,,34 - Crush Claw,,,,,,,,,,,,,,,,
,HP,30,56 - Cross Chop,,HP,65(+10),56 - Cross Chop,,,,,,,,,,,,,,,,
,Attack,56,66 - Facade,,Attack,101(+20),66 - Facade,,,,,,,,,,,,,,,,
,Defense,35,74 - Superpower,,Defense,70(+10),74 - Superpower,,,,,,,,,,,,,,,,
,Special Attack,25,,,Special Attack,50,,,,,,,,,,,,,,,,,
,Special Defense,35,,,Special Defense,70,,,,,,,,,,,,,,,,,
,Speed,72,,,Speed,107(+10),,,,,,,,,,,,,,,,,
,,,,,Evolves at level 20.,,,,,,,,,,,,,,,,,,
,,,,,,,,,,,,,,,,,,,,,,,
,,,,,,,,,,,,,,,,,,,,,,,
,Spearow,,Learnset,,Fearow,,Learnset,,,,,,,,,,,,,,,,
,,,1 - Peck,,,,1 - Peck,,,,,,,,,,,,,,,,
,,,1 - Growl,,,,1 - Growl,,,,,,,,,,,,,,,,
,,,1 - Pursuit,,,,1 - Pursuit,,,,,,,,,,,,,,,,
,,,7 - Wing Attack,,,,7 - Wing Attack,,,,,,,,,,,,,,,,
,,,7 - Knock Off,,,,7 - Knock Off,,,,,,,,,,,,,,,,
,DARK,FLYING,20 - Aerial Ace,,DARK,FLYING,20 - Aerial Ace,,,,,,,,,,,,,,,,
,Ability 1,Intimidate,26 - Faint Attack,,Ability 1,Intimidate,26 - Faint Attack,,,,,,,,,,,,,,,,
,Ability 2,Intimidate,32 - Crunch,,Ability 2,Intimidate,32 - Crunch,,,,,,,,,,,,,,,,
,Base Stats,,36 - Sucker Punch,,Base Stats,,36 - Sucker Punch,,,,,,,,,,,,,,,,
,HP,50(+10),40 - Drill Peck,,HP,65,40 - Drill Peck,,,,,,,,,,,,,,,,
,Attack,60,48 - Earthquake,,Attack,100(+10),48 - Earthquake,,,,,,,,,,,,,,,,
,Defense,50(+20),50 - Sky Attack,,Defense,60,50 - Sky Attack,,,,,,,,,,,,,,,,
,Special Attack,61(+30),55 - Night Daze,,Special Attack,101(+40),55 - Night Daze,,,,,,,,,,,,,,,,
,Special Defense,51(+20),,,Special Defense,61,,,,,,,,,,,,,,,,,
,Speed,70,,,Speed,100,,,,,,,,,,,,,,,,,
,,,,,Evolves at level 20.,,,,,,,,,,,,,,,,,,
,,,,,,,,,,,,,,,,,,,,,,,
,,,,,,,,,,,,,,,,,,,,,,,
,Ekans,,Learnset,,Arbok,,Learnset,,,,,,,,,,,,,,,,
,,,1 - Leer,,,,1 - Leer,,,,,,,,,,,,,,,,
,,,1 - Knock Off,,,,1 - Knock Off,,,,,,,,,,,,,,,,
,,,1 - Bite,,,,1 - Bite,,,,,,,,,,,,,,,,
,,,8 - Acid,,,,8 - Acid,,,,,,,,,,,,,,,,
,,,13 - Sludge,,,,13 - Sludge,,,,,,,,,,,,,,,,
,POISON,DARK,20 - Glare,,POISON,DARK,20 - Glare,,,,,,,,,,,,,,,,
,Ability 1,Intimidate,24 - Sucker Punch,,Ability 1,Intimidate,24 - Sucker Punch,,,,,,,,,,,,,,,,
,Ability 2,Clear Body,28 - Sludge Bomb,,Ability 2,Clear Body,28 - Sludge Bomb,,,,,,,,,,,,,,,,
,Base Stats,,32 - Crunch,,Base Stats,,32 - Crunch,,,,,,,,,,,,,,,,
,HP,50,38 - Poison Tail,,HP,80(+20),38 - Poison Tail,,,,,,,,,,,,,,,,
,Attack,60,50 - Night Daze,,Attack,105(+10),50 - Night Daze,,,,,,,,,,,,,,,,
,Defense,44,56 - Superpower,,Defense,70,56 - Superpower,,,,,,,,,,,,,,,,
,Special Attack,40,,,Special Attack,105(+40),,,,,,,,,,,,,,,,,
,Special Defense,54,,,Special Defense,99(+20),,,,,,,,,,,,,,,,,
,Speed,55,,,Speed,80,,,,,,,,,,,,,,,,,
,,,,,Evolves at level 22.,,,,,,,,,,,,,,,,,,
,,,,,,,,,,,,,,,,,,,,,,,
,,,,,,,,,,,,,,,,,,,,,,,
,Pikachu,,Learnset,,Raichu,,Learnset,,,,,,,,,,,,,,,,
,,,1 - Thunder Shock,,,,1 - Thunder Shock,,,,,,,,,,,,,,,,
,,,1 - Growl,,,,1 - Growl,,,,,,,,,,,,,,,,
,,,6 - Mach Punch,,,,6 - Mach Punch,,,,,,,,,,,,,,,,
,,,8 - Thunder Wave,,,,8 - Thunder Wave,,,,,,,,,,,,,,,,
,,,11 - Quick Attack,,,,11 - Quick Attack,,,,,,,,,,,,,,,,
,ELECTRIC,,15 - Shock Wave,,ELECTRIC,FIGHTING,15 - Shock Wave,,,,,,,,,,,,,,,,
,Ability 1,Volt Absorb,20 - Ice Punch,,Ability 1,Volt Absorb,20 - Ice Punch,,,,,,,,,,,,,,,,
,Ability 2,Volt Absorb,26 - Thunderbolt,,Ability 2,Volt Absorb,26 - Thunderbolt,,,,,,,,,,,,,,,,
,Base Stats,,33 - Shadow Ball,,Base Stats,,33 - Shadow Ball,,,,,,,,,,,,,,,,
,HP,65(+30),37 - Surf,,HP,60,37 - Surf,,,,,,,,,,,,,,,,
,Attack,55,41 - Vital Throw,,Attack,105(+15),41 - Vital Throw,,,,,,,,,,,,,,,,
,Defense,60(+20),50 - Cross Chop,,Defense,55,50 - Cross Chop,,,,,,,,,,,,,,,,
,Special Attack,80(+30),74 - Superpower,,Special Attack,105(+15),74 - Superpower,,,,,,,,,,,,,,,,
,Special Defense,60(+10),74 - Volt Tackle,,Special Defense,80,74 - Volt Tackle,,,,,,,,,,,,,,,,
,Speed,100(+10),,,Speed,110(+10),,,,,,,,,,,,,,,,,
,,,,,Evolves via Thunder Stone,,,,,,,,,,,,,,,,,,
,,,,,,,,,,,,,,,,,,,,,,,
,,,,,,,,,,,,,,,,,,,,,,,
,Sandshrew,,Learnset,,Sandslash,,Learnset,,,,,,,,,,,,,,,,
,,,1 - Rapid Spin,,,,1 - Rapid Spin,,,,,,,,,,,,,,,,
,,,1 - Tail Whip,,,,1 - Tail Whip,,,,,,,,,,,,,,,,
,,,1 - Mud Shot,,,,1 - Mud Shot,,,,,,,,,,,,,,,,
,,,6 - Rock Throw,,,,6 - Rock Throw,,,,,,,,,,,,,,,,
,,,11 - Brick Break,,,,11 - Brick Break,,,,,,,,,,,,,,,,
,GROUND,ROCK,24 - Rock Slide,,GROUND,ROCK,24 - Rock Slide,,,,,,,,,,,,,,,,
,Ability 1,Rough Skin,29 - Accelerock,,Ability 1,Rough Skin,29 - Accelerock,,,,,,,,,,,,,,,,
,Ability 2,Rough Skin,36 - Strength,,Ability 2,Rough Skin,36 - Strength,,,,,,,,,,,,,,,,
,Base Stats,,42 - Cross Chop,,Base Stats,,42 - Cross Chop,,,,,,,,,,,,,,,,
,HP,50,50 - Earthquake,,HP,75,50 - Earthquake,,,,,,,,,,,,,,,,
,Attack,75,74 - Fissure,,Attack,110(+10),74 - Fissure,,,,,,,,,,,,,,,,
,Defense,85,84 - Head Smash,,Defense,110,84 - Head Smash,,,,,,,,,,,,,,,,
,Special Attack,20,,,Special Attack,45,,,,,,,,,,,,,,,,,
,Special Defense,30,,,Special Defense,55,,,,,,,,,,,,,,,,,
,Speed,40,,,Speed,110(+45),,,,,,,,,,,,,,,,,
,,,,,Evolves at level 22.,,,,,,,,,,,,,,,,,,
,,,,,,,,,,,,,,,,,,,,,,,
,,,,,,,,,,,,,,,,,,,,,,,
,Nidoran♀,,Learnset,,Nidorina,,Learnset,,Nidoqueen,,Learnset,,,,,,,,,,,,
,,,1 - Growl,,,,1 - Growl,,,,1 - Growl,,,,,,,,,,,,
,,,1 - Scratch,,,,1 - Scratch,,,,1 - Scratch,,,,,,,,,,,,
,,,8 - Sludge,,,,8 - Sludge,,,,8 - Sludge,,,,,,,,,,,,
,,,12 - Double Kick,,,,12 - Double Kick,,,,12 - Double Kick,,,,,,,,,,,,
,,,18 - Mud Shot,,,,18 - Mud Shot,,,,18 - Mud Shot,,,,,,,,,,,,
,POISON,,22 - Crunch,,POISON,GROUND,22 - Crunch,,POISON,GROUND,22 - Crunch,,,,,,,,,,,,
,Ability 1,Poison Point,26 - Helping Hand,,Ability 1,Poison Point,26 - Helping Hand,,Ability 1,Battle Armor,26 - Helping Hand,,,,,,,,,,,,
,Ability 2,Poison Point,32 - Sludge Bomb,,Ability 2,Poison Point,32 - Sludge Bomb,,Ability 2,Battle Armor,32 - Sludge Bomb,,,,,,,,,,,,
,Base Stats,,34 - Dig,,Base Stats,,34 - Dig,,Base Stats,,34 - Dig,,,,,,,,,,,,
,HP,55,40 - Slack Off,,HP,80(+10),40 - Slack Off,,HP,105(+15),40 - Slack Off,,,,,,,,,,,,
,Attack,47,44 - Poison Tail,,Attack,72(+10),44 - Poison Tail,,Attack,107(+15),44 - Poison Tail,,,,,,,,,,,,
,Defense,52,52 - Earthquake,,Defense,77(+10),52 - Earthquake,,Defense,97(+10),52 - Earthquake,,,,,,,,,,,,
,Special Attack,40,74 - Horn Drill,,Special Attack,55,74 - Horn Drill,,Special Attack,55(-20),74 - Horn Drill,,,,,,,,,,,,
,Special Defense,40,74 - Fissure,,Special Defense,75(+20),74 - Fissure,,Special Defense,95(+10),74 - Fissure,,,,,,,,,,,,
,Speed,41,74 - Head Smash,,Speed,56,74 - Head Smash,,Speed,56(-20),74 - Head Smash,,,,,,,,,,,,
,,,74 - Superpower,,Evolves at level 16.,,74 - Superpower,,Evolves at level 40.,,74 - Superpower,,,,,,,,,,,,
,,,,,,,,,,,,,,,,,,,,,,,
,,,,,,,,,,,,,,,,,,,,,,,
,Nidoran♂,,Learnset,,Nidorino,,Learnset,,Nidoking,,Learnset,,,,,,,,,,,,
,,,1 - Growl,,,,1 - Growl,,,,1 - Growl,,,,,,,,,,,,
,,,1 - Scratch,,,,1 - Scratch,,,,1 - Scratch,,,,,,,,,,,,
,,,8 - Sludge,,,,8 - Sludge,,,,8 - Sludge,,,,,,,,,,,,
,,,12 - Double Kick,,,,12 - Double Kick,,,,12 - Double Kick,,,,,,,,,,,,
,,,18 - Mud Shot,,,,18 - Mud Shot,,,,18 - Mud Shot,,,,,,,,,,,,
,POISON,,22 - Crunch,,POISON,GROUND,22 - Crunch,,POISON,GROUND,22 - Crunch,,,,,,,,,,,,
,Ability 1,Poison Point,26 - Helping Hand,,Ability 1,Poison Point,26 - Helping Hand,,Ability 1,Rock Head,26 - Helping Hand,,,,,,,,,,,,
,Ability 2,Poison Point,32 - Sludge Bomb,,Ability 2,Poison Point,32 - Sludge Bomb,,Ability 2,Rock Head,32 - Sludge Bomb,,,,,,,,,,,,
,Base Stats,,34 - Dig,,Base Stats,,34 - Dig,,Base Stats,,34 - Dig,,,,,,,,,,,,
,HP,46,40 - Slack Off,,HP,61,40 - Slack Off,,HP,81,40 - Slack Off,,,,,,,,,,,,
,Attack,57,44 - Poison Tail,,Attack,92(+20),44 - Poison Tail,,Attack,112(+20),44 - Poison Tail,,,,,,,,,,,,
,Defense,40,52 - Earthquake,,Defense,57,52 - Earthquake,,Defense,57(-20),52 - Earthquake,,,,,,,,,,,,
,Special Attack,40,74 - Horn Drill,,Special Attack,65(+10),74 - Horn Drill,,Special Attack,105(+20),74 - Horn Drill,,,,,,,,,,,,
,Special Defense,40,74 - Fissure,,Special Defense,57,74 - Fissure,,Special Defense,55(-20),74 - Fissure,,,,,,,,,,,,
,Speed,50,74 - Head Smash,,Speed,85(+20),74 - Head Smash,,Speed,105(+20),74 - Head Smash,,,,,,,,,,,,
,,,74 - Superpower,,Evolves at level 16.,,74 - Superpower,,Evolves at level 40.,,74 - Superpower,,,,,,,,,,,,
,,,,,,,,,,,,,,,,,,,,,,,
,,,,,,,,,,,,,,,,,,,,,,,
,Clefairy,,Learnset,,Clefable,,Learnset,,,,,,,,,,,,,,,,
,,,1 - Icy Wind,,,,1 - Icy Wind,,,,,,,,,,,,,,,,
,,,1 - Growl,,,,1 - Growl,,,,,,,,,,,,,,,,
,,,5 - Encore,,,,5 - Encore,,,,,,,,,,,,,,,,
,,,9 - Swift,,,,9 - Swift,,,,,,,,,,,,,,,,
,,,13 - Wing Attack,,,,13 - Wing Attack,,,,,,,,,,,,,,,,
,FLYING,,17 - Baton Pass,,FLYING,,17 - Baton Pass,,,,,,,,,,,,,,,,
,Ability 1,Thick Fat,21 - Flamethrower,,Ability 1,Thick Fat,21 - Flamethrower,,,,,,,,,,,,,,,,
,Ability 2,Thick Fat,21 - Thunderbolt,,Ability 2,Thick Fat,21 - Thunderbolt,,,,,,,,,,,,,,,,
,Base Stats,,21 - Ice Beam,,Base Stats,,21 - Ice Beam,,,,,,,,,,,,,,,,
,HP,80(+10),28 - Aerial Ace,,HP,95,28 - Aerial Ace,,,,,,,,,,,,,,,,
,Attack,85(+40),32 - Moonlight,,Attack,100(+30),32 - Moonlight,,,,,,,,,,,,,,,,
,Defense,52,36 - Aeroblast,,Defense,75(+2),36 - Aeroblast,,,,,,,,,,,,,,,,
,Special Attack,80(+20),40 - Meteor Mash,,Special Attack,105(+20),40 - Meteor Mash,,,,,,,,,,,,,,,,
,Special Defense,85(+10),50 - Sky Attack,,Special Defense,100(+10),50 - Sky Attack,,,,,,,,,,,,,,,,
,Speed,35,,,Speed,60,,,,,,,,,,,,,,,,,
,,,,,Evolves via Moon Stone.,,,,,,,,,,,,,,,,,,
,,,,,,,,,,,,,,,,,,,,,,,
,,,,,,,,,,,,,,,,,,,,,,,
,Vulpix,,Learnset,,Ninetales,,Learnset,,,,,,,,,,,,,,,,
,,,1 - Ember,,,,1 - Ember,,,,,,,,,,,,,,,,
,,,5 - Tail Whip,,,,5 - Tail Whip,,,,,,,,,,,,,,,,
,,,9 - Confusion,,,,9 - Confusion,,,,,,,,,,,,,,,,
,,,13 - Quick Attack,,,,13 - Quick Attack,,,,,,,,,,,,,,,,
,,,17 - Will-O-Wisp,,,,17 - Will-O-Wisp,,,,,,,,,,,,,,,,
,FIRE,PSYCHIC,21 - Flame Burst,,FIRE,PSYCHIC,21 - Flame Burst,,,,,,,,,,,,,,,,
,Ability 1,Flash Fire,25 - Psybeam,,Ability 1,Flash Fire,25 - Psybeam,,,,,,,,,,,,,,,,
,Ability 2,Flash Fire,29 - Flamethrower,,Ability 2,Flash Fire,29 - Flamethrower,,,,,,,,,,,,,,,,
,Base Stats,,33 - Psychic,,Base Stats,,33 - Psychic,,,,,,,,,,,,,,,,
,HP,38,40 - Thunderbolt,,HP,73,40 - Thunderbolt,,,,,,,,,,,,,,,,
,Attack,41,44 - Heat Wave,,Attack,66(-10),44 - Heat Wave,,,,,,,,,,,,,,,,
,Defense,40,48 - Mist Ball,,Defense,73,48 - Mist Ball,,,,,,,,,,,,,,,,
,Special Attack,85(+35),60 - Overheat,,Special Attack,111(+30),60 - Overheat,,,,,,,,,,,,,,,,
,Special Defense,85(+20),74 - Blast Burn,,Special Defense,110(+10),74 - Blast Burn,,,,,,,,,,,,,,,,
,Speed,85(+20),74 - Psycho Boost,,Speed,120(+20),74 - Psycho Boost,,,,,,,,,,,,,,,,
,,,,,Evolves via Fire Stone.,,,,,,,,,,,,,,,,,,
,,,,,,,,,,,,,,,,,,,,,,,
,,,,,,,,,,,,,,,,,,,,,,,
,Jigglypuff,,Learnset,,Wigglytuff,,Learnset,,,,,,,,,,,,,,,,
,,,1 - Defense Curl,,,,1 - Defense Curl,,,,,,,,,,,,,,,,
,,,9 - Pound,,,,9 - Pound,,,,,,,,,,,,,,,,
,,,14 - Disable,,,,14 - Disable,,,,,,,,,,,,,,,,
,,,19 - Swift,,,,19 - Swift,,,,,,,,,,,,,,,,
,,,24 - DoubleSlap,,,,24 - DoubleSlap,,,,,,,,,,,,,,,,
,NORMAL,,28 - Thunderbolt,,NORMAL,,28 - Thunderbolt,,,,,,,,,,,,,,,,
,Ability 1,Huge Power,28 - Ice Beam,,Ability 1,Huge Power,28 - Ice Beam,,,,,,,,,,,,,,,,
,Ability 2,Huge Power,28 - Flamethrower,,Ability 2,Huge Power,28 - Flamethrower,,,,,,,,,,,,,,,,
,Base Stats,,34 - Body Slam,,Base Stats,,34 - Body Slam,,,,,,,,,,,,,,,,
,HP,135(+20),39 - Recover,,HP,160(+20),39 - Recover,,,,,,,,,,,,,,,,
,Attack,45,44 - Hyper Voice,,Attack,65(-5),44 - Hyper Voice,,,,,,,,,,,,,,,,
,Defense,85(+65),50 - Double-Edge,,Defense,110(+65),50 - Double-Edge,,,,,,,,,,,,,,,,
,Special Attack,85(+40),60 - Hyper Beam,,Special Attack,110(+25),60 - Hyper Beam,,,,,,,,,,,,,,,,
,Special Defense,45(+20),,,Special Defense,65(+15),,,,,,,,,,,,,,,,,
,Speed,5(-15),,,Speed,30(-15),,,,,,,,,,,,,,,,,
,,,,,Evolves via Moon Stone.,,,,,,,,,,,,,,,,,,
,,,,,,,,,,,,,,,,,,,,,,,
,,,,,,,,,,,,,,,,,,,,,,,
,Zubat,,Learnset,,Golbat,,Learnset,,Crobat,,Learnset,,,,,,,,,,,,
,,,1 - Heat Wave,,,,1 - Heat Wave,,,,1 - Heat Wave,,,,,,,,,,,,
,,,1 - Leech Life,,,,1 - Leech Life,,,,1 - Leech Life,,,,,,,,,,,,
,,,5 - Sludge,,,,5 - Sludge,,,,5 - Sludge,,,,,,,,,,,,
,,,5 - Wing Attack,,,,5 - Wing Attack,,,,5 - Wing Attack,,,,,,,,,,,,
,,,6 - Astonish,,,,6 - Astonish,,,,6 - Astonish,,,,,,,,,,,,
,POISON,FLYING,11 - Mega Drain,,POISON,FLYING,11 - Mega Drain,,POISON,FLYING,11 - Mega Drain,,,,,,,,,,,,
,Ability 1,Inner Focus,16 - Bite,,Ability 1,Inner Focus,16 - Bite,,Ability 1,Inner Focus,16 - Bite,,,,,,,,,,,,
,Ability 2,Shadow Tag,21 - Sludge Bomb,,Ability 2,Shadow Tag,21 - Sludge Bomb,,Ability 2,Shadow Tag,21 - Sludge Bomb,,,,,,,,,,,,
,Base Stats,,28 - Crunch,,Base Stats,,28 - Crunch,,Base Stats,,28 - Crunch,,,,,,,,,,,,
,HP,40,35 - Aerial Ace,,HP,75,35 - Aerial Ace,,HP,85,35 - Aerial Ace,,,,,,,,,,,,
,Attack,45,44 - Poison Fang,,Attack,80,44 - Poison Fang,,Attack,100(+10),44 - Poison Fang,,,,,,,,,,,,
,Defense,35,52 - Recover,,Defense,70,52 - Recover,,Defense,80,52 - Recover,,,,,,,,,,,,
,Special Attack,30,74 - Sky Attack,,Special Attack,65,74 - Sky Attack,,Special Attack,90(+20),74 - Sky Attack,,,,,,,,,,,,
,Special Defense,40,,,Special Defense,75,,,Special Defense,80,,,,,,,,,,,,,
,Speed,55,,,Speed,90,,,Speed,130,,,,,,,,,,,,,
,,,,,Evolves at level 22.,,,,Evolves at level 40.,,,,,,,,,,,,,,
,,,,,,,,,,,,,,,,,,,,,,,
,,,,,,,,,,,,,,,,,,,,,,,
,Oddish,,Learnset,,Gloom,,Learnset,,Vileplume,,Learnset,,Bellossom,,Learnset,,,,,,,,
,,,1 - Absorb,,,,1 - Absorb,,,,1 - Absorb,,,,1 -Absorb,,,,,,,,
,,,1 - Leech Seed,,,,1 - Leech Seed,,,,1 - Leech Seed,,,,1 - Leech Seed,,,,,,,,
,,,5 - Vine Whip,,,,5 - Vine Whip,,,,5 - Vine Whip,,,,5 - Vine Whip,,,,,,,,
,,,7 - Acid,,,,7 - Acid,,,,7 - Acid,,,,7 - Ember,,,,,,,,
,,,14 - Poison Powder,,,,14 - Poison Powder,,,,14 - Poison Powder,,,,14 - Poison Powder,,,,,,,,
,GRASS,POISON,16 - Stun Spore,,GRASS,POISON,16 - Stun Spore,,GRASS,POISON,16 - Stun Spore,,GRASS,FIRE,16 - Stun Spore,,,,,,,,
,Ability 1,Effect Spore,18 - Sleep Powder,,Ability 1,Effect Spore,18 - Sleep Powder,,Ability 1,Thick Fat,18 - Sleep Powder,,Ability 1,Chlorophyll,18 - Sleep Powder,,,,,,,,
,Ability 2,Chlorophyll,20 - Magical Leaf,,Ability 2,Chlorophyll,20 - Magical Leaf,,Ability 2,Chlorophyll,20 - Magical Leaf,,Ability 2,Flash Fire,20 - Magical Leaf,,,,,,,,
,Base Stats,,20 - Sludge,,Base Stats,,20 - Sludge,,Base Stats,,20 - Sludge,,Base Stats,,20 - Flame Wheel,,,,,,,,
,HP,45,35 - Sludge Bomb,,HP,85(+25),35 - Sludge Bomb,,HP,85(+10),35 - Sludge Bomb,,HP,75,35 - Leaf Blade,,,,,,,,
,Attack,50,35 - Leaf Blade,,Attack,65,35 - Leaf Blade,,Attack,80,35 - Leaf Blade,,Attack,20(-60),40 - Flamethrower,,,,,,,,
,Defense,55,44 - Recover,,Defense,70,44 - Recover,,Defense,85,44 - Recover,,Defense,85,60 - Overheat,,,,,,,,
,Special Attack,75,50 - Poison Tail,,Special Attack,85,50 - Poison Tail,,Special Attack,110,50 - Poison Tail,,Special Attack,120(+30),70 - Frenzy Plant,,,,,,,,
,Special Defense,65,60 - Petal Dance,,Special Defense,75,60 - Petal Dance,,Special Defense,100(+10),60 - Petal Dance,,Special Defense,100,70 - Blast Burn,,,,,,,,
,Speed,30,70 - Frenzy Plant,,Speed,40,70 - Frenzy Plant,,Speed,50,70 - Frenzy Plant,,Speed,100(+50),,,,,,,,,
,,,,,Evolves at level 21.,,,,Evolves at level 36.,,,,Evolves via Fire Stone.,,,,,,,,,,
,,,,,,,,,,,,,,,,,,,,,,,
,,,,,,,,,,,,,,,,,,,,,,,
,Paras,,Learnset,,Parasect,,Learnset,,,,,,,,,,,,,,,,
,,,1 - Shadow Sneak,,,,1 - Shadow Sneak,,,,,,,,,,,,,,,,
,,,1 - Stun Spore,,,,1 - Stun Spore,,,,,,,,,,,,,,,,
,,,1 - Poison Powder,,,,1 - Poison Powder,,,,,,,,,,,,,,,,
,,,13 - Astonish,,,,13 - Astonish,,,,,,,,,,,,,,,,
,,,19 - Leech Life,,,,19 - Leech Life,,,,,,,,,,,,,,,,
,BUG,GHOST,25 - Shadow Ball,,BUG,GHOST,25 - Shadow Ball,,,,,,,,,,,,,,,,
,Ability 1,Water Absorb,36 - Spikes,,Ability 1,Water Absorb,36 - Spikes,,,,,,,,,,,,,,,,
,Ability 2,Water Absorb,44 - Signal Beam,,Ability 2,Water Absorb,44 - Signal Beam,,,,,,,,,,,,,,,,
,Base Stats,,50 - Recover,,Base Stats,,50 - Recover,,,,,,,,,,,,,,,,
,HP,65(+30),53 - Spore,,HP,100(+40),53 - Spore,,,,,,,,,,,,,,,,
,Attack,80(+10),56 - Earthquake,,Attack,115(+20),56 - Earthquake,,,,,,,,,,,,,,,,
,Defense,65(+10),60 - Shadow Slam,,Defense,100(+20),60 - Shadow Slam,,,,,,,,,,,,,,,,
,Special Attack,45,,,Special Attack,60,,,,,,,,,,,,,,,,,
,Special Defense,65(+10),,,Special Defense,100(+20),,,,,,,,,,,,,,,,,
,Speed,25,,,Speed,30,,,,,,,,,,,,,,,,,
,,,,,Evolves at level 36.,,,,,,,,,,,,,,,,,,
,,,,,,,,,,,,,,,,,,,,,,,
,,,,,FR,,,,,,,,,,,,,,,,,,
,Venonat,,Learnset,,Venomoth,,Learnset,,,,,,,,,,,,,,,,
,,,1 - Silver Wind,,,,1 - Silver Wind,,,,,,,,,,,,,,,,
,,,1 - Tackle,,,,1 - Tackle,,,,,,,,,,,,,,,,
,,,9 - Confusion,,,,9 - Confusion,,,,,,,,,,,,,,,,
,,,17 - Sleep Powder,,,,17 - Sleep Powder,,,,,,,,,,,,,,,,
,,,17 - Stun Spore,,,,17 - Stun Spore,,,,,,,,,,,,,,,,
,BUG,PSYCHIC,17 - Poison Powder,,BUG,PSYCHIC,17 - Poison Powder,,,,,,,,,,,,,,,,
,Ability 1,Compoundeyes,25 - Psybeam,,Ability 1,Huge Power,25 - Psybeam,,,,,,,,,,,,,,,,
,Ability 2,Compoundeyes,28 - Leech Life,,Ability 2,Huge Power,28 - Leech Life,,,,,,,,,,,,,,,,
,Base Stats,,31 - Psychic,,Base Stats,,31 - Psychic,,,,,,,,,,,,,,,,
,HP,80(+20),36 - Signal Beam,,HP,70,36 - Signal Beam,,,,,,,,,,,,,,,,
,Attack,75(+20),42 - Shadow Ball,,Attack,55(-10),42 - Shadow Ball,,,,,,,,,,,,,,,,
,Defense,70(+20),56 - Psycho Boost,,Defense,60,56 - Psycho Boost,,,,,,,,,,,,,,,,
,Special Attack,60(+20),,,Special Attack,110(+20),,,,,,,,,,,,,,,,,
,Special Defense,75(+20),,,Special Defense,75,,,,,,,,,,,,,,,,,
,Speed,45,,,Speed,110(+20),,,,,,,,,,,,,,,,,
,,,,,Evolves at level 25.,,,,,,,,,,,,,,,,,,
,,,,, ,,,,,,,,,,,,,,,,,,
,,,,,,,,,,,,,,,,,,,,,,,
,Diglett,,Learnset,,Dugtrio,,Learnset,,,,,,,,,,,,,,,,
,,,1 - Reversal,,,,1 - Reversal,,,,,,,,,,,,,,,,
,,,1 - Tackle,,,,1 - Tackle,,,,,,,,,,,,,,,,
,,,5 - Growl,,,,5 - Growl,,,,,,,,,,,,,,,,
,,,9 - Endure,,,,9 - Endure,,,,,,,,,,,,,,,,
,,,15 - Mud Shot,,,,15 - Mud Shot,,,,,,,,,,,,,,,,
,GROUND,FIGHTING,20 - Rock Smash,,GROUND,FIGHTING,20 - Rock Smash,,,,,,,,,,,,,,,,
,Ability 1,Arena Trap,23 - Rock Slide,,Ability 1,Arena Trap,23 - Rock Slide,,,,,,,,,,,,,,,,
,Ability 2,Arena Trap,26 - Dig,,Ability 2,Arena Trap,26 - Dig,,,,,,,,,,,,,,,,
,Base Stats,,36 - Strength,,Base Stats,,36 - Strength,,,,,,,,,,,,,,,,
,HP,10,38 - Submission,,HP,55(+20),38 - Submission,,,,,,,,,,,,,,,,
,Attack,55,45 - Vital Throw,,Attack,120(+40),45 - Vital Throw,,,,,,,,,,,,,,,,
,Defense,25,51 - Earthquake,,Defense,50,51 - Earthquake,,,,,,,,,,,,,,,,
,Special Attack,35,74 - Superpower,,Special Attack,50,74 - Superpower,,,,,,,,,,,,,,,,
,Special Defense,45,74 - Fissure,,Special Defense,70,74 - Fissure,,,,,,,,,,,,,,,,
,Speed,95,,,Speed,120,,,,,,,,,,,,,,,,,
,,,,,Evolves at level 26.,,,,,,,,,,,,,,,,,,
,,,,,,,,,,,,,,,,,,,,,,,
,,,,,,,,,,,,,,,,,,,,,,,
,Meowth,,Learnset,,Persian,,Learnset,,,,,,,,,,,,,,,,
,,,1 - Scratch,,,,1 - Scratch,,,,,,,,,,,,,,,,
,,,1 - Growl,,,,1 - Growl,,,,,,,,,,,,,,,,
,,,1 - Bite,,,,1 - Bite,,,,,,,,,,,,,,,,
,,,10 - Swift,,,,10 - Swift,,,,,,,,,,,,,,,,
,,,18 - Rock Smash,,,,18 - Rock Smash,,,,,,,,,,,,,,,,
,NORMAL,DARK,25 - Faint Attack,,NORMAL,DARK,25 - Faint Attack,,,,,,,,,,,,,,,,
,Ability 1,Serene Grace,28 - Fake Out,,Ability 1,Serene Grace,28 - Fake Out,,,,,,,,,,,,,,,,
,Ability 2,Serene Grace,36 - Sucker Punch,,Ability 2,Serene Grace,36 - Sucker Punch,,,,,,,,,,,,,,,,
,Base Stats,,38 - Crunch,,Base Stats,,38 - Crunch,,,,,,,,,,,,,,,,
,HP,40,42 - Crush Claw,,HP,55(-10),42 - Crush Claw,,,,,,,,,,,,,,,,
,Attack,75(+30),44 - Flamethrower,,Attack,110(+40),44 - Flamethrower,,,,,,,,,,,,,,,,
,Defense,40,44 - Thunderbolt,,Defense,55(-5),44 - Thunderbolt,,,,,,,,,,,,,,,,
,Special Attack,70(+30),44 - Ice Beam,,Special Attack,110(+45),44 - Ice Beam,,,,,,,,,,,,,,,,
,Special Defense,40,55 - Hyper Beam,,Special Defense,55(-10),55 - Hyper Beam,,,,,,,,,,,,,,,,
,Speed,90,61 - Superpower,,Speed,115,61 - Superpower,,,,,,,,,,,,,,,,
,,,64 - Night Daze,,Evolves at level 28.,,64 - Night Daze,,,,,,,,,,,,,,,,
,,,,,,,,,,,,,,,,,,,,,,,
,,,,,,,,,,,,,,,,,,,,,,,
,,,,,,,,,,,,,,,,,,,,,,,
,Psyduck,,Learnset,,Golduck,,Learnset,,,,,,,,,,,,,,,,
,,,1 - Scratch,,,,1 - Scratch,,,,,,,,,,,,,,,,
,,,1 - Tail Whip,,,,1 - Tail Whip,,,,,,,,,,,,,,,,
,,,5 - Aqua Jet,,,,5 - Aqua Jet,,,,,,,,,,,,,,,,
,,,10 - Confusion,,,,10 - Confusion,,,,,,,,,,,,,,,,
,,,16 - Psybeam,,,,16 - Psybeam,,,,,,,,,,,,,,,,
,WATER,PSYCHIC,18 - BubbleBeam,,WATER,PSYCHIC,18 - BubbleBeam,,,,,,,,,,,,,,,,
,Ability 1,Cloud Nine,22 - Waterfall,,Ability 1,Cloud Nine,22 - Waterfall,,,,,,,,,,,,,,,,
,Ability 2,Cloud Nine,28 - Psychic,,Ability 2,Cloud Nine,28 - Psychic,,,,,,,,,,,,,,,,
,Base Stats,,44 - Ice Beam,,Base Stats,,44 - Ice Beam,,,,,,,,,,,,,,,,
,HP,50,52 - Petal Dance,,HP,80,52 - Petal Dance,,,,,,,,,,,,,,,,
,Attack,52,58 - Psycho Boost,,Attack,62(-20),58 - Psycho Boost,,,,,,,,,,,,,,,,
,Defense,48,58 - Hydro Cannon,,Defense,78,58 - Hydro Cannon,,,,,,,,,,,,,,,,
,Special Attack,85(+20),,,Special Attack,105(+10),,,,,,,,,,,,,,,,,
,Special Defense,50,,,Special Defense,80,,,,,,,,,,,,,,,,,
,Speed,85(+30),,,Speed,105(+20),,,,,,,,,,,,,,,,,
,,,,,Evolves at level 22.,,,,,,,,,,,,,,,,,,
,,,,,,,,,,,,,,,,,,,,,,,
,,,,,,,,,,,,,,,,,,,,,,,
,Mankey,,Learnset,,Primeape,,Learnset,,,,,,,,,,,,,,,,
,,,1 - Shadow Sneak,,,,1 - Shadow Sneak,,,,,,,,,,,,,,,,
,,,1 - Leer,,,,1 - Leer,,,,,,,,,,,,,,,,
,,,1 - Mach Punch,,,,1 - Mach Punch,,,,,,,,,,,,,,,,
,,,6 - Low Kick,,,,6 - Low Kick,,,,,,,,,,,,,,,,
,,,11 - Karate Chop,,,,11 - Karate Chop,,,,,,,,,,,,,,,,
,FIGHTING,,16 - Astonish,,FIGHTING,GHOST,16 - Astonish,,,,,,,,,,,,,,,,
,Ability 1,Inner Focus,21 - Brick Break,,Ability 1,Inner Focus,21 - Brick Break,,,,,,,,,,,,,,,,
,Ability 2,Inner Focus,26 - Seismic Toss,,Ability 2,Inner Focus,26 - Seismic Toss,,,,,,,,,,,,,,,,
,Base Stats,,30 - Vital Throw,,Base Stats,,30 - Vital Throw,,,,,,,,,,,,,,,,
,HP,60(+20),36 - Shadow Punch,,HP,75(+10),36 - Shadow Punch,,,,,,,,,,,,,,,,
,Attack,80,44 - Shadow Ball,,Attack,115(+10),44 - Shadow Ball,,,,,,,,,,,,,,,,
,Defense,60(+25),50 - Cross Chop,,Defense,70(+10),50 - Cross Chop,,,,,,,,,,,,,,,,
,Special Attack,35,62 - Shadow Slam,,Special Attack,60,62 - Shadow Slam,,,,,,,,,,,,,,,,
,Special Defense,45,74 - Superpower,,Special Defense,70,74 - Superpower,,,,,,,,,,,,,,,,
,Speed,80(+10),,,Speed,105(+10),,,,,,,,,,,,,,,,,
,,,,,Evolves at level 36.,,,,,,,,,,,,,,,,,,
,,,,,,,,,,,,,,,,,,,,,,,
,,,,,,,,,,,,,,,,,,,,,,,
,Growlithe,,Learnset,,Arcanine,,Learnset,,,,,,,,,,,,,,,,
,,,1 - Bite,,,,1 - Bite,,,,,,,,,,,,,,,,
,,,1 - Leer,,,,1 - Leer,,,,,,,,,,,,,,,,
,,,7 - Ember,,,,7 - Ember,,,,,,,,,,,,,,,,
,,,13 - Rock Smash,,,,13 - Rock Smash,,,,,,,,,,,,,,,,
,,,19 - Flame Wheel,,,,19 - Flame Wheel,,,,,,,,,,,,,,,,
,FIRE,FIGHTING,25 - Brick Break,,FIRE,FIGHTING,25 - Brick Break,,,,,,,,,,,,,,,,
,Ability 1,Intimidate,31 - Flamethrower,,Ability 1,Intimidate,31 - Flamethrower,,,,,,,,,,,,,,,,
,Ability 2,Rock Head,35 - Crunch,,Ability 2,Rock Head,35 - Crunch,,,,,,,,,,,,,,,,
,Base Stats,,39 - Extremespeed,,Base Stats,,39 - Extremespeed,,,,,,,,,,,,,,,,
,HP,55,44 - Blaze Kick,,HP,80(-10),44 - Blaze Kick,,,,,,,,,,,,,,,,
,Attack,80(+10),49 - Submission,,Attack,110,49 - Submission,,,,,,,,,,,,,,,,
,Defense,45,55 - Earthquake,,Defense,80,55 - Earthquake,,,,,,,,,,,,,,,,
,Special Attack,80(+10),65 - Volt Tackle,,Special Attack,100,65 - Volt Tackle,,,,,,,,,,,,,,,,
,Special Defense,50,74 - Overheat,,Special Defense,80,74 - Overheat,,,,,,,,,,,,,,,,
,Speed,70(+10),84 - Superpower,,Speed,105(+10),84 - Superpower,,,,,,,,,,,,,,,,
,,,84 - Blast Burn,,Evolves via Fire Stone.,,84 - Blast Burn,,,,,,,,,,,,,,,,
,,,,,,,,,,,,,,,,,,,,,,,
,,,,,,,,,,,,,,,,,,,,,,,
,Poliwag,,Learnset,,Poliwhirl,,Learnset,,Poliwrath,,Learnset,,Politoed,,Learnset,,,,,,,,
,,,1 - Aqua Jet,,,,1 - Aqua Jet,,,,1 - Aqua Jet,,,,1 - Aqua Jet,,,,,,,,
,,,1 - Mach Punch,,,,1 - Mach Punch,,,,1 - Mach Punch,,,,1 - Mach Punch,,,,,,,,
,,,5 - Water Gun,,,,5 - Water Gun,,,,5 - Water Gun,,,,5 - Water Gun,,,,,,,,
,,,7 - Karate Chop,,,,7 - Karate Chop,,,,7 - Karate Chop,,,,7 - Karate Chop,,,,,,,,
,,,13 - BubbleBeam,,,,13 - BubbleBeam,,,,13 - BubbleBeam,,,,13 - BubbleBeam,,,,,,,,
,WATER,,19 - Rock Smash,,WATER,,19 - Rock Smash,,WATER,FIGHTING,19 - Rock Smash,,WATER,GRASS,19 - Rock Smash,,,,,,,,
,Ability 1,Water Absorb,30 - Waterfall,,Ability 1,Water Absorb,30 - Waterfall,,Ability 1,Water Absorb,30 - Waterfall,,Ability 1,Damp,30 - Waterfall,,,,,,,,
,Ability 2,Damp,36 - Sky Uppercut,,Ability 2,Damp,36 - Sky Uppercut,,Ability 2,Damp,36 - Sky Uppercut,,Ability 2,Water Absorb,36 - Leaf Blade,,,,,,,,
,Base Stats,,43 - Muddy Water,,Base Stats,,43 - Muddy Water,,Base Stats,,43 - Muddy Water,,Base Stats,,44 - Muddy Water,,,,,,,,
,HP,40,43 - Cross Chop,,HP,65,43 - Cross Chop,,HP,90,43 - Cross Chop,,HP,90,60 - Frenzy Plant,,,,,,,,
,Attack,50,56 - Superpower,,Attack,65,56 - Superpower,,Attack,110(+25),56 - Superpower,,Attack,75,60 - Hydro Cannon,,,,,,,,
,Defense,40,60 - Hydro Cannon,,Defense,65,60 - Hydro Cannon,,Defense,95,60 - Hydro Cannon,,Defense,75,,,,,,,,,
,Special Attack,40,,,Special Attack,50,,,Special Attack,100(+30),,,Special Attack,110(+20),,,,,,,,,
,Special Defense,40,,,Special Defense,50,,,Special Defense,90,,,Special Defense,100,,,,,,,,,
,Speed,90,,,Speed,90,,,Speed,70,,,Speed,70,,,,,,,,,
,,,,,Evolves at level 25.,,,,Evolves at level 36.,,,,Evolves via Water Stone.,,,,,,,,,,
,,,,,,,,,,,,,,,,,,,,,,,
,,,,,,,,,,,,,,,,,,,,,,,
,Abra,,Learnset,,Kadabra,,Learnset,,Alakazam,,Learnset,,,,,,,,,,,,
,,,1 - Baton Pass,,,,1 - Baton Pass,,,,1 - Baton Pass,,,,,,,,,,,,
,,,1 - Confusion,,,,1 - Confusion,,,,1 - Confusion,,,,,,,,,,,,
,,,18 - Shock Wave,,,,18 - Shock Wave,,,,18 - Shock Wave,,,,,,,,,,,,
,,,21 - Psybeam,,,,21 - Psybeam,,,,21 - Psybeam,,,,,,,,,,,,
,,,23 - Faint Attack,,,,23 - Faint Attack,,,,23 - Faint Attack,,,,,,,,,,,,
,PSYCHIC,,25 - Fake Out,,PSYCHIC,,25 - Fake Out,,PSYCHIC,,25 - Fake Out,,,,,,,,,,,,
,Ability 1,Levitate,30 - Future Sight,,Ability 1,Levitate,30 - Future Sight,,Ability 1,Levitate,30 - Future Sight,,,,,,,,,,,,
,Ability 2,Levitate,33 - Recover,,Ability 2,Levitate,33 - Recover,,Ability 2,Levitate,33 - Recover,,,,,,,,,,,,
,Base Stats,,36 - Psychic,,Base Stats,,36 - Psychic,,Base Stats,,36 - Psychic,,,,,,,,,,,,
,HP,25,42 - Flamethrower,,HP,40,42 - Flamethrower,,HP,55,42 - Flamethrower,,,,,,,,,,,,
,Attack,20,42 - Ice Beam,,Attack,35,42 - Ice Beam,,Attack,50,42 - Ice Beam,,,,,,,,,,,,
,Defense,15,42 - Thunderbolt,,Defense,30,42 - Thunderbolt,,Defense,65(+20),42 - Thunderbolt,,,,,,,,,,,,
,Special Attack,105,48 - Luster Purge,,Special Attack,120,48 - Luster Purge,,Special Attack,135,48 - Luster Purge,,,,,,,,,,,,
,Special Defense,55,84 - Psycho Boost,,Special Defense,70,84 - Psycho Boost,,Special Defense,95,84 - Psycho Boost,,,,,,,,,,,,
,Speed,90,,,Speed,105,,,Speed,120,,,,,,,,,,,,,
,,,,,Evolves at level 16.,,,,Evolves at level 36.,,,,,,,,,,,,,,
,,,,,,,,,,,,,,,,,,,,,,,
,,,,,,,,,,,,,,,,,,,,,,,
,Machop,,Learnset,,Machoke,,Learnset,,Machamp,,Learnset,,,,,,,,,,,,
,,,1 - Low Kick,,,,1 - Low Kick,,,,1 - Low Kick,,,,,,,,,,,,
,,,1 - Mach Punch,,,,1 - Mach Punch,,,,1 - Mach Punch,,,,,,,,,,,,
,,,1 - Knock Off,,,,1 - Knock Off,,,,1 - Knock Off,,,,,,,,,,,,
,,,13 - Karate Chop,,,,13 - Karate Chop,,,,13 - Karate Chop,,,,,,,,,,,,
,,,19 - Seismic Toss,,,,19 - Seismic Toss,,,,19 - Seismic Toss,,,,,,,,,,,,
,FIGHTING,,22 - Rock Slide,,FIGHTING,,22 - Rock Slide,,FIGHTING,,22 - Rock Slide,,,,,,,,,,,,
,Ability 1,Rock Head,25 - Revenge,,Ability 1,Rock Head,25 - Revenge,,Ability 1,Rock Head,25 - Revenge,,,,,,,,,,,,
,Ability 2,Guts,36 - Vital Throw,,Ability 2,Guts,36 - Vital Throw,,Ability 2,Battle Armor,36 - Vital Throw,,,,,,,,,,,,
,Base Stats,,41 - Shadow Punch,,Base Stats,,41 - Shadow Punch,,Base Stats,,41 - Shadow Punch,,,,,,,,,,,,
,HP,70,46 - Cross Chop,,HP,80,46 - Cross Chop,,HP,90,46 - Cross Chop,,,,,,,,,,,,
,Attack,80,54 - Head Smash,,Attack,100,54 - Head Smash,,Attack,130,54 - Head Smash,,,,,,,,,,,,
,Defense,50,60 - Superpower,,Defense,70,60 - Superpower,,Defense,90(+10),60 - Superpower,,,,,,,,,,,,
,Special Attack,35,,,Special Attack,50,,,Special Attack,45(-20),,,,,,,,,,,,,
,Special Defense,35,,,Special Defense,60,,,Special Defense,95(+10),,,,,,,,,,,,,
,Speed,35,,,Speed,45,,,Speed,55,,,,,,,,,,,,,
,,,,,Evolves at level 25.,,,,Evolves at level 36.,,,,,,,,,,,,,,
,,,,,,,,,,,,,,,,,,,,,,,
,,,,,,,,,,,,,,,,,,,,,,,
,Tentacool,,Learnset,,Tentacruel,,Learnset,,,,,,,,,,,,,,,,
,,,1 - Mirror Coat,,,,1 - Mirror Coat,,,,,,,,,,,,,,,,
,,,1 - Water Gun,,,,1 - Water Gun,,,,,,,,,,,,,,,,
,,,12 - Acid,,,,12 - Acid,,,,,,,,,,,,,,,,
,,,19 - Sludge,,,,19 - Sludge,,,,,,,,,,,,,,,,
,,,25 - BubbleBeam,,,,25 - BubbleBeam,,,,,,,,,,,,,,,,
,POISON,WATER,28 - Sludge Bomb,,POISON,WATER,28 - Sludge Bomb,,,,,,,,,,,,,,,,
,Ability 1,Clear Body,34 - Shadow Ball,,Ability 1,Clear Body,34 - Shadow Ball,,,,,,,,,,,,,,,,
,Ability 2,Clear Body,38 - Muddy Water,,Ability 2,Clear Body,38 - Muddy Water,,,,,,,,,,,,,,,,
,Base Stats,,40 - Toxic,,Base Stats,,40 - Toxic,,,,,,,,,,,,,,,,
,HP,55(+15),42 - Recover,,HP,80,42 - Recover,,,,,,,,,,,,,,,,
,Attack,70(+30),45 - Poison Tail,,Attack,100(+30),45 - Poison Tail,,,,,,,,,,,,,,,,
,Defense,55(+20),55 - Hydro Cannon,,Defense,65,55 - Hydro Cannon,,,,,,,,,,,,,,,,
,Special Attack,80(+30),,,Special Attack,100(+20),,,,,,,,,,,,,,,,,
,Special Defense,100,,,Special Defense,120,,,,,,,,,,,,,,,,,
,Speed,100(+30),,,Speed,100,,,,,,,,,,,,,,,,,
,,,,,Evolves at level 28.,,,,,,,,,,,,,,,,,,
,,,,,,,,,,,,,,,,,,,,,,,
,,,,,,,,,,,,,,,,,,,,,,,
,Bellsprout,,Learnset,,Weepinbell,,Learnset,,Victreebel,,Learnset,,,,,,,,,,,,
,,,1 - Vine Whip,,,,1 - Vine Whip,,,,1 - Vine Whip,,,,,,,,,,,,
,,,1 - Knock Off,,,,1 - Knock Off,,,,1 - Knock Off,,,,,,,,,,,,
,,,10 - Razor Leaf,,,,10 - Razor Leaf,,,,10 - Razor Leaf,,,,,,,,,,,,
,,,10 - Sludge,,,,10 - Sludge,,,,10 - Sludge,,,,,,,,,,,,
,,,17 - Sleep Powder,,,,17 - Sleep Powder,,,,17 - Sleep Powder,,,,,,,,,,,,
,GRASS,POISON,17 - Poison Powder,,GRASS,POISON,17 - Poison Powder,,GRASS,POISON,17 - Poison Powder,,,,,,,,,,,,
,Ability 1,Chlorophyll,17 - Stun Spore,,Ability 1,Chlorophyll,17 - Stun Spore,,Ability 1,Intimidate,17 - Stun Spore,,,,,,,,,,,,
,Ability 2,Chlorophyll,22 - Sludge Bomb,,Ability 2,Chlorophyll,22 - Sludge Bomb,,Ability 2,Intimidate,22 - Sludge Bomb,,,,,,,,,,,,
,Base Stats,,28 - Giga Drain,,Base Stats,,28 - Giga Drain,,Base Stats,,28 - Giga Drain,,,,,,,,,,,,
,HP,50,33 - Poison Fang,,HP,65,33 - Poison Fang,,HP,80,33 - Poison Fang,,,,,,,,,,,,
,Attack,75,36 - Sucker Punch,,Attack,90,36 - Sucker Punch,,Attack,105,36 - Sucker Punch,,,,,,,,,,,,
,Defense,35,39 - Synthesis,,Defense,50,39 - Synthesis,,Defense,60(-5),39 - Synthesis,,,,,,,,,,,,
,Special Attack,70,42 - Petal Dance,,Special Attack,85,42 - Petal Dance,,Special Attack,105(+5),42 - Petal Dance,,,,,,,,,,,,
,Special Defense,30,48 - Heat Wave,,Special Defense,45,48 - Heat Wave,,Special Defense,70,48 - Heat Wave,,,,,,,,,,,,
,Speed,40,54 - Frenzy Plant,,Speed,55,54 - Frenzy Plant,,Speed,110(+40),54 - Frenzy Plant,,,,,,,,,,,,
,,,,,Evolves at level 21.,,,,Evolves at level 36.,,,,,,,,,,,,,,
,,,,,,,,,,,,,,,,,,,,,,,
,,,,,,,,,,,,,,,,,,,,,,,
,Geodude,,Learnset,,Graveler,,Learnset,,Golem,,Learnset,,,,,,,,,,,,
,,,1 - Tackle,,,,1 - Tackle,,,,1 - Tackle,,,,,,,,,,,,
,,,1 - Knock Off,,,,1 - Knock Off,,,,1 - Knock Off,,,,,,,,,,,,
,,,1 - Rock Throw,,,,1 - Rock Throw,,,,1 - Rock Throw,,,,,,,,,,,,
,,,6 - Accelerock,,,,6 - Accelerock,,,,6 - Accelerock,,,,,,,,,,,,
,,,11 - Rock Tomb,,,,11 - Rock Tomb,,,,11 - Rock Tomb,,,,,,,,,,,,
,ROCK,GROUND,16 - Mud Shot,,ROCK,GROUND,16 - Mud Shot,,ROCK,GROUND,16 - Mud Shot,,,,,,,,,,,,
,Ability 1,Rock Head,21 - Dig,,Ability 1,Rock Head,21 - Dig,,Ability 1,Water Absorb,21 - Dig,,,,,,,,,,,,
,Ability 2,Battle Armor,29 - Shadow Punch,,Ability 2,Battle Armor,29 - Shadow Punch,,Ability 2,Battle Armor,29 - Shadow Punch,,,,,,,,,,,,
,Base Stats,,33 - Cross Chop,,Base Stats,,33 - Cross Chop,,Base Stats,,33 - Cross Chop,,,,,,,,,,,,
,HP,40,37 - Rock Slide,,HP,75(+20),37 - Rock Slide,,HP,80,37 - Rock Slide,,,,,,,,,,,,
,Attack,80,44 - Earthquake,,Attack,95,44 - Earthquake,,Attack,120,44 - Earthquake,,,,,,,,,,,,
,Defense,100,53 - Explosiuon,,Defense,115,53 - Explosiuon,,Defense,130,53 - Explosiuon,,,,,,,,,,,,
,Special Attack,30,62 - Head Smash,,Special Attack,45,62 - Head Smash,,Special Attack,55,62 - Head Smash,,,,,,,,,,,,
,Special Defense,30,70 - Fissure,,Special Defense,45,70 - Fissure,,Special Defense,75(+10),70 - Fissure,,,,,,,,,,,,
,Speed,20,,,Speed,35,,,Speed,45,,,,,,,,,,,,,
,,,,,Evolves at level 25.,,,,Evolves at level 36.,,,,,,,,,,,,,,
,,,,,,,,,,,,,,,,,,,,,,,
,,,,,,,,,,,,,,,,,,,,,,,
,Ponyta,,Learnset,,Rapidash,,Learnset,,,,,,,,,,,,,,,,
,,,1 - Volt Tackle,,,,1 - Volt Tackle,,,,,,,,,,,,,,,,
,,,1 - Head Smash,,,,1 - Head Smash,,,,,,,,,,,,,,,,
,,,1 - Horn Drill,,,,1 - Horn Drill,,,,,,,,,,,,,,,,
,,,1 - Quick Attack,,,,1 - Quick Attack,,,,,,,,,,,,,,,,
,,,1 - Growl,,,,1 - Growl,,,,,,,,,,,,,,,,
,FIRE,GROUND,1 - Ember,,FIRE,GROUND,1 - Ember,,,,,,,,,,,,,,,,
,Ability 1,Rock Head,5 - Mud Shot,,Ability 1,Rock Head,5 - Mud Shot,,,,,,,,,,,,,,,,
,Ability 2,Flash Fire,9 - Flame Wheel,,Ability 2,Flash Fire,9 - Flame Wheel,,,,,,,,,,,,,,,,
,Base Stats,,14 - Rock Tomb,,Base Stats,,14 - Rock Tomb,,,,,,,,,,,,,,,,
,HP,50,25 - Dig,,HP,70(+5),25 - Dig,,,,,,,,,,,,,,,,
,Attack,85,30 - Flamethrower,,Attack,110(+10),30 - Flamethrower,,,,,,,,,,,,,,,,
,Defense,55,34 - Rock Slide,,Defense,70,34 - Rock Slide,,,,,,,,,,,,,,,,
,Special Attack,85(+20),38 - Earthquake,,Special Attack,110(+30),38 - Earthquake,,,,,,,,,,,,,,,,
,Special Defense,65,44 - Blaze Kick,,Special Defense,70(-10),44 - Blaze Kick,,,,,,,,,,,,,,,,
,Speed,90,50 - Superpower,,Speed,110(+5),50 - Superpower,,,,,,,,,,,,,,,,
,,,60 - Fissure,,Evolves at level 30.,,60 - Fissure,,,,,,,,,,,,,,,,
,,,60 - Blast Burn,,,,60 - Blast Burn,,,,,,,,,,,,,,,,
,,,,,,,,,,,,,,,,,,,,,,,
,,,,,,,,,,,,,,,,,,,,,,,
,Slowpoke,,Learnset,,Slowbro,,Learnset,,Slowking,,Learnset,,,,,,,,,,,,
,,,1 - Baton Pass,,,,1 - Baton Pass,,,,1 - Baton Pass,,,,,,,,,,,,
,,,1 - Yawn,,,,1 - Yawn,,,,1 - Yawn,,,,,,,,,,,,
,,,1 - Water Gun,,,,1 - Water Gun,,,,1 - Water Gun,,,,,,,,,,,,
,,,6 - Growl,,,,6 - Growl,,,,6 - Growl,,,,,,,,,,,,
,,,10 - Confusion,,,,10 - Confusion,,,,10 - Confusion,,,,,,,,,,,,
,WATER,PSYCHIC,16 - Bubble Beam,,WATER,PSYCHIC,16 - Bubble Beam,,WATER,PSYCHIC,16 - Bubble Beam,,,,,,,,,,,,
,Ability 1,Shell Armor,20 - Psybeam,,Ability 1,Shell Armor,20 - Psybeam,,Ability 1,Own Tempo,20 - Psybeam,,,,,,,,,,,,
,Ability 2,Own Tempo,27 - Future Sight,,Ability 2,Own Tempo,27 - Future Sight,,Ability 2,Shell Armor,27 - Future Sight,,,,,,,,,,,,
,Base Stats,,34 - Surf,,Base Stats,,34 - Surf,,Base Stats,,34 - Surf,,,,,,,,,,,,
,HP,90,38 - Psychic,,HP,95,38 - Psychic,,HP,95,38 - Psychic,,,,,,,,,,,,
,Attack,45(-20),44 - Slack Off,,Attack,75,44 - Slack Off,,Attack,75,44 - Slack Off,,,,,,,,,,,,
,Defense,85(+20),50 - Mist Ball,,Defense,110,50 - Mist Ball,,Defense,80,50 - Mist Ball,,,,,,,,,,,,
,Special Attack,85(+40),,,Special Attack,100,,,Special Attack,100,,,,,,,,,,,,,
,Special Defense,40,,,Special Defense,80,,,Special Defense,110,,,,,,,,,,,,,
,Speed,15,,,Speed,30,,,Speed,30,,,,,,,,,,,,,
,,,,,Evolves at level 37.,,,,Evolves via Water Stone,,,,,,,,,,,,,,
,,,,,,,,,,,,,,,,,,,,,,,
,,,,,,,,,,,,,,,,,,,,,,,
,Magnemite,,Learnset,,Magneton,,Learnset,,,,,,,,,,,,,,,,
,,,1 - Tackle,,,,1 - Tackle,,,,,,,,,,,,,,,,
,,,1 - Metal Sound,,,,1 - Metal Sound,,,,,,,,,,,,,,,,
,,,6 - Thundershock,,,,6 - Thundershock,,,,,,,,,,,,,,,,
,,,11 - Metal Bash,,,,11 - Metal Bash,,,,,,,,,,,,,,,,
,,,16 - Sonic Boom,,,,16 - Sonic Boom,,,,,,,,,,,,,,,,
,STEEL,ELECTRIC,21 - Spark,,STEEL,ELECTRIC,21 - Spark,,,,,,,,,,,,,,,,
,Ability 1,Levitate,26 - Aurora Beam,,Ability 1,Levitate,26 - Aurora Beam,,,,,,,,,,,,,,,,
,Ability 2,Levitate,30 - Shock Wave,,Ability 2,Levitate,30 - Shock Wave,,,,,,,,,,,,,,,,
,Base Stats,,35 - Flash Cannon,,Base Stats,,35 - Flash Cannon,,,,,,,,,,,,,,,,
,HP,75(+50),44 - Thunderbolt,,HP,85(+35),44 - Thunderbolt,,,,,,,,,,,,,,,,
,Attack,95(+60),56- Doom Desire,,Attack,110(+50),56- Doom Desire,,,,,,,,,,,,,,,,
,Defense,80(+10),74 - Zap Cannnon,,Defense,95,74 - Zap Cannnon,,,,,,,,,,,,,,,,
,Special Attack,105(+10),74 - Overheat,,Special Attack,120,74 - Overheat,,,,,,,,,,,,,,,,
,Special Defense,75(+20),,,Special Defense,90(+20),,,,,,,,,,,,,,,,,
,Speed,45,,,Speed,70,,,,,,,,,,,,,,,,,
,,,,,Evolves at level 55.,,,,,,,,,,,,,,,,,,
,,,,,,,,,,,,,,,,,,,,,,,
,,,,,,,,,,,,,,,,,,,,,,,
,Farfetchd,,Learnset,,,,,,,,,,,,,,,,,,,,
,,,1 - Peck,,,,,,,,,,,,,,,,,,,,
,,,6 - Karate Chop,,,,,,,,,,,,,,,,,,,,
,,,11 - Leer,,,,,,,,,,,,,,,,,,,,
,,,16 - Aerial Ace,,,,,,,,,,,,,,,,,,,,
,,,21 - Brick Break,,,,,,,,,,,,,,,,,,,,
,FIGHTING,FLYING,36 - Aeroblast,,,,,,,,,,,,,,,,,,,,
,Ability 1,Inner Focus,44 - Rolling Kick,,,,,,,,,,,,,,,,,,,,
,Ability 2,Inner Focus,74 - Sky Attack,,,,,,,,,,,,,,,,,,,,
,Base Stats,,74 - Superpower,,,,,,,,,,,,,,,,,,,,
,HP,52,,,,,,,,,,,,,,,,,,,,,
,Attack,120(+30),,,,,,,,,,,,,,,,,,,,,
,Defense,55,,,,,,,,,,,,,,,,,,,,,
,Special Attack,58,,,,,,,,,,,,,,,,,,,,,
,Special Defense,62,,,,,,,,,,,,,,,,,,,,,
,Speed,120(+60),,,,,,,,,,,,,,,,,,,,,
,,,,,,,,,,,,,,,,,,,,,,,
,,,,,,,,,,,,,,,,,,,,,,,
,Doduo,,Learnset,,Dodrio,,Learnset,,,,,,,,,,,,,,,,
,,,1 - Peck,,,,1 - Peck,,,,,,,,,,,,,,,,
,,,1 - Growl,,,,1 - Growl,,,,,,,,,,,,,,,,
,,,1 - Mud Shot,,,,1 - Mud Shot,,,,,,,,,,,,,,,,
,,,9 - Pursuit,,,,9 - Pursuit,,,,,,,,,,,,,,,,
,,,13 - Wing Attack,,,,13 - Wing Attack,,,,,,,,,,,,,,,,
,GROUND,FLYING,21 - Dig,,GROUND,FLYING,21 - Dig,,,,,,,,,,,,,,,,
,Ability 1,Rock Head,31 - Aerial Ace,,Ability 1,Rock Head,31 - Aerial Ace,,,,,,,,,,,,,,,,
,Ability 2,Rock Head,44 - Drill Peck,,Ability 2,Rock Head,44 - Drill Peck,,,,,,,,,,,,,,,,
,Base Stats,,50 - Earthquake,,Base Stats,,50 - Earthquake,,,,,,,,,,,,,,,,
,HP,35,74 - Sky Attack,,HP,60,74 - Sky Attack,,,,,,,,,,,,,,,,
,Attack,85,74 - Fissure,,Attack,110(+10),74 - Fissure,,,,,,,,,,,,,,,,
,Defense,45,,,Defense,70,,,,,,,,,,,,,,,,,
,Special Attack,35,,,Special Attack,60,,,,,,,,,,,,,,,,,
,Special Defense,35,,,Special Defense,70(+10),,,,,,,,,,,,,,,,,
,Speed,75,,,Speed,110,,,,,,,,,,,,,,,,,
,,,,,Evolves at level 31.,,,,,,,,,,,,,,,,,,
,,,,,,,,,,,,,,,,,,,,,,,
,,,,,,,,,,,,,,,,,,,,,,,
,Seel,,Learnset,,Dewgong,,Learnset,,,,,,,,,,,,,,,,
,,,1 - Signal Beam,,,,1 - Signal Beam,,,,,,,,,,,,,,,,
,,,1 - Water Gun,,,,1 - Water Gun,,,,,,,,,,,,,,,,
,,,1 - Growl,,,,1 - Growl,,,,,,,,,,,,,,,,
,,,1 - Icy Wind,,,,1 - Icy Wind,,,,,,,,,,,,,,,,
,,,1 - Aurora Beam,,,,1 - Aurora Beam,,,,,,,,,,,,,,,,
,WATER,,1 - Encore,,WATER,ICE,1 - Encore,,,,,,,,,,,,,,,,
,Ability 1,Thick Fat,9 - Growl,,Ability 1,Thick Fat,9 - Growl,,,,,,,,,,,,,,,,
,Ability 2,Thick Fat,13 - BubbleBeam,,Ability 2,Thick Fat,13 - BubbleBeam,,,,,,,,,,,,,,,,
,Base Stats,,17 - Icy Wind,,Base Stats,,17 - Icy Wind,,,,,,,,,,,,,,,,
,HP,65,21 - Aurora Beam,,HP,100(+10),21 - Aurora Beam,,,,,,,,,,,,,,,,
,Attack,45,29 - Rest,,Attack,50(-20),29 - Rest,,,,,,,,,,,,,,,,
,Defense,55,34 - Ice Beam,,Defense,70(-10),34 - Ice Beam,,,,,,,,,,,,,,,,
,Special Attack,75(+30),42 - Slack Off,,Special Attack,120(+50),42 - Slack Off,,,,,,,,,,,,,,,,
,Special Defense,90(+20),47 - Surf,,Special Defense,125(+30),47 - Surf,,,,,,,,,,,,,,,,
,Speed,45,51 - Fake Out,,Speed,65(-5),51 - Fake Out,,,,,,,,,,,,,,,,
,,,74 - Hydro Cannon,,Evolves at level 34,,74 - Hydro Cannon,,,,,,,,,,,,,,,,
,,,74 - Sheer Cold,,,,74 - Sheer Cold,,,,,,,,,,,,,,,,
,,,,,,,,,,,,,,,,,,,,,,,
,,,,,,,,,,,,,,,,,,,,,,,
,Grimer,,Learnset,,Muk,,Learnset,,,,,,,,,,,,,,,,
,,,1 -Pound,,,,1 -Pound,,,,,,,,,,,,,,,,
,,,1 - Poison Gas,,,,1 - Poison Gas,,,,,,,,,,,,,,,,
,,,1 - Harden,,,,1 - Harden,,,,,,,,,,,,,,,,
,,,4 - Pursuit,,,,4 - Pursuit,,,,,,,,,,,,,,,,
,,,8 - Toxic,,,,8 - Toxic,,,,,,,,,,,,,,,,
,POISON,DARK,13 - Sludge,,POISON,DARK,13 - Sludge,,,,,,,,,,,,,,,,
,Ability 1,Clear Body,19 - Sucker Punch,,Ability 1,Water Absorb,19 - Sucker Punch,,,,,,,,,,,,,,,,
,Ability 2,Clear Body,26 - Screech,,Ability 2,Water Absorb,26 - Screech,,,,,,,,,,,,,,,,
,Base Stats,,30 - Ice Punch,,Base Stats,,30 - Ice Punch,,,,,,,,,,,,,,,,
,HP,80,30 - Thunder Punch,,HP,105,30 - Thunder Punch,,,,,,,,,,,,,,,,
,Attack,80,30 - Fire Punch,,Attack,105,30 - Fire Punch,,,,,,,,,,,,,,,,
,Defense,50,34 - Sludge Bomb,,Defense,75,34 - Sludge Bomb,,,,,,,,,,,,,,,,
,Special Attack,80(+40),40 - Knock Off,,Special Attack,105(+40),40 - Knock Off,,,,,,,,,,,,,,,,
,Special Defense,80(+30),46 - Crunch,,Special Defense,100,46 - Crunch,,,,,,,,,,,,,,,,
,Speed,25,56 - Poison Fang,,Speed,50,56 - Poison Fang,,,,,,,,,,,,,,,,
,,,,,Evolves at level 38.,,,,,,,,,,,,,,,,,,
,,,,,,,,,,,,,,,,,,,,,,,
,,,,,,,,,,,,,,,,,,,,,,,
,Shellder,,Learnset,,Cloyster,,Learnset,,,,,,,,,,,,,,,,
,,,1 - Water Gun,,,,1 - Water Gun,,,,,,,,,,,,,,,,
,,,1 - Aqua Jet,,,,1 - Aqua Jet,,,,,,,,,,,,,,,,
,,,1 - Rapid Spin,,,,1 - Rapid Spin,,,,,,,,,,,,,,,,
,,,8 - Spikes,,,,8 - Spikes,,,,,,,,,,,,,,,,
,,,15 - BubbleBeam,,,,15 - BubbleBeam,,,,,,,,,,,,,,,,
,WATER,,20 - Mud Shot,,WATER,STEEL,20 - Mud Shot,,,,,,,,,,,,,,,,
,Ability 1,Shell Armor,22 - Aurora Beam,,Ability 1,Shell Armor,22 - Aurora Beam,,,,,,,,,,,,,,,,
,Ability 2,Shell Armor,29 - Protect,,Ability 2,Shell Armor,29 - Protect,,,,,,,,,,,,,,,,
,Base Stats,,31 - Signal Beam,,Base Stats,,31 - Signal Beam,,,,,,,,,,,,,,,,
,HP,50(+20),36 - Flash Cannon,,HP,65(+15),36 - Flash Cannon,,,,,,,,,,,,,,,,
,Attack,65,43 - Waterfall,,Attack,95,43 - Waterfall,,,,,,,,,,,,,,,,
,Defense,100,60 - Hydro Cannon,,Defense,180,60 - Hydro Cannon,,,,,,,,,,,,,,,,
,Special Attack,65(+20),60 - Doom Desire,,Special Attack,95(+10),60 - Doom Desire,,,,,,,,,,,,,,,,
,Special Defense,25,,,Special Defense,65(+20),,,,,,,,,,,,,,,,,
,Speed,40,,,Speed,70,,,,,,,,,,,,,,,,,
,,,,,Evolves via Water Stone.,,,,,,,,,,,,,,,,,,
,,,,,,,,,,,,,,,,,,,,,,,
,,,,,,,,,,,,,,,,,,,,,,,
,Gastly,,Learnset,,Haunter,,Learnset,,Gengar,,Learnset,,,,,,,,,,,,
,,,1 - Hypnosis,,,,1 - Shadow Sneak,,,,1 - Shadow Sneak,,,,,,,,,,,,
,,,1 - Shadow Sneak,,,,1 - Knock Off,,,,1 - Knock Off,,,,,,,,,,,,
,,,1 - Knock Off,,,,13 - Curse,,,,13 - Curse,,,,,,,,,,,,
,,,13 - Curse,,,,16 - Night Shade,,,,16 - Night Shade,,,,,,,,,,,,
,,,16 - Night Shade,,,,21 - Sludge,,,,21 - Sludge,,,,,,,,,,,,
,GHOST,POISON,21 - Sludge,,GHOST,POISON,25 - Shadow Punch,,GHOST,POISON,25 - Shadow Punch,,,,,,,,,,,,
,Ability 1,Levitate,25 - Shadow Punch,,Ability 1,Levitate,31 - Sludge Bomb,,Ability 1,Levitate,31 - Sludge Bomb,,,,,,,,,,,,
,Ability 2,Levitate,31 - Sludge Bomb,,Ability 2,Levitate,45 - Shadow Ball,,Ability 2,Levitate,45 - Shadow Ball,,,,,,,,,,,,
,Base Stats,,45 - Shadow Ball,,Base Stats,,53 - Cross Chop,,Base Stats,,53 - Cross Chop,,,,,,,,,,,,
,HP,30,53 - Cross Chop,,HP,45,59 - Shadow Slam,,HP,60,59 - Shadow Slam,,,,,,,,,,,,
,Attack,100(+65),59 - Shadow Slam,,Attack,115(+65),64 - Poison Fang,,Attack,130(+65),64 - Poison Fang,,,,,,,,,,,,
,Defense,30,64 - Poison Fang,,Defense,45,70 - Explosion,,Defense,60,70 - Explosion,,,,,,,,,,,,
,Special Attack,35(-65),70 - Explosion,,Special Attack,50(-65),,,Special Attack,65(-65),,,,,,,,,,,,,
,Special Defense,35,,,Special Defense,55,,,Special Defense,75,,,,,,,,,,,,,
,Speed,80,,,Speed,95,,,Speed,110,,,,,,,,,,,,,
,,,,,Evolves at level 25.,,,,Evolves at level 36.,,,,,,,,,,,,,,
,,,,,,,,,,,,,,,,,,,,,,,
,,,,,,,,,,,,,,,,,,,,,,,
,Onix,,Learnset,,Steelix,,Learnset,,,,,,,,,,,,,,,,
,,,1 - Tackle,,,,1 - Tackle,,,,,,,,,,,,,,,,
,,,1 - Screech,,,,1 - Screech,,,,,,,,,,,,,,,,
,,,8 - Mud Shot,,,,8 - Mud Shot,,,,,,,,,,,,,,,,
,,,12 - Rock Tomb,,,,12 - Rock Tomb,,,,,,,,,,,,,,,,
,,,19 - Rock Slide,,,,19 - Rock Slide,,,,,,,,,,,,,,,,
,ROCK,GROUND,23 - Dig,,STEEL,GROUND,23 - Dig,,,,,,,,,,,,,,,,
,Ability 1,Rock Head,29 - Accelerock,,Ability 1,Rock Head,29 - Accelerock,,,,,,,,,,,,,,,,
,Ability 2,Battle Armor,38 - Protect,,Ability 2,Battle Armor,38 - Protect,,,,,,,,,,,,,,,,
,Base Stats,,45 - Iron Tail,,Base Stats,,45 - Iron Tail,,,,,,,,,,,,,,,,
,HP,35,52 - Earthquake,,HP,75,52 - Earthquake,,,,,,,,,,,,,,,,
,Attack,45,74 - Doom Desire,,Attack,105(+20),74 - Doom Desire,,,,,,,,,,,,,,,,
,Defense,160,74 - Head Smash,,Defense,200,74 - Head Smash,,,,,,,,,,,,,,,,
,Special Attack,30,74 - Superpower,,Special Attack,35(-20),74 - Superpower,,,,,,,,,,,,,,,,
,Special Defense,45,74 - Fissure,,Special Defense,65,74 - Fissure,,,,,,,,,,,,,,,,
,Speed,70,,,Speed,30,,,,,,,,,,,,,,,,,
,,,,,Evolves at level 34.,,,,,,,,,,,,,,,,,,
,,,,,,,,,,,,,,,,,,,,,,,
,,,,,,,,,,,,,,,,,,,,,,,
,Drowzee,,Learnset,,Hypno,,Learnset,,,,,,,,,,,,,,,,
,,,1 - Pound,,,,1 - Pound,,,,,,,,,,,,,,,,
,,,1 - Hypnosis,,,,1 - Hypnosis,,,,,,,,,,,,,,,,
,,,1 - Disable,,,,1 - Disable,,,,,,,,,,,,,,,,
,,,1 - Confusion,,,,1 - Confusion,,,,,,,,,,,,,,,,
,,,7 - Pursuit,,,,7 - Pursuit,,,,,,,,,,,,,,,,
,PSYCHIC,DARK,11 - Psybeam,,PSYCHIC,DARK,11 - Psybeam,,,,,,,,,,,,,,,,
,Ability 1,Insomnia,17 - Knock Off,,Ability 1,Insomnia,17 - Knock Off,,,,,,,,,,,,,,,,
,Ability 2,Insomnia,21 - Poison Gas,,Ability 2,Insomnia,21 - Poison Gas,,,,,,,,,,,,,,,,
,Base Stats,,29 - Sucker Punch,,Base Stats,,29 - Sucker Punch,,,,,,,,,,,,,,,,
,HP,70(+10),35 - Psychic,,HP,85,35 - Psychic,,,,,,,,,,,,,,,,
,Attack,48,43 - Crunch,,Attack,73,43 - Crunch,,,,,,,,,,,,,,,,
,Defense,45,49 - Recover,,Defense,70,49 - Recover,,,,,,,,,,,,,,,,
,Special Attack,73(+30),56 - Mist Ball,,Special Attack,113(+40),56 - Mist Ball,,,,,,,,,,,,,,,,
,Special Defense,90,65 - Night Daze,,Special Defense,115,65 - Night Daze,,,,,,,,,,,,,,,,
,Speed,42,74 - Psycho Boost,,Speed,67,74 - Psycho Boost,,,,,,,,,,,,,,,,
,,,,,Evolves at level 35.,,,,,,,,,,,,,,,,,,
,,,,,,,,,,,,,,,,,,,,,,,
,,,,,,,,,,,,,,,,,,,,,,,
,Krabby,,Learnset,,Kingler,,Learnset,,,,,,,,,,,,,,,,
,,,1 - Knock Off,,,,1 - Knock Off,,,,,,,,,,,,,,,,
,,,1 - Aqua Jet,,,,1 - Aqua Jet,,,,,,,,,,,,,,,,
,,,8 - Metal Claw,,,,8 - Metal Claw,,,,,,,,,,,,,,,,
,,,15 - BubbleBeam,,,,15 - BubbleBeam,,,,,,,,,,,,,,,,
,,,22 - Aurora Beam,,,,22 - Aurora Beam,,,,,,,,,,,,,,,,
,WATER,,25 - Metal Bash,,WATER,STEEL,25 - Metal Bash,,,,,,,,,,,,,,,,
,Ability 1,Rough Skin,29 - Protect,,Ability 1,Rough Skin,29 - Protect,,,,,,,,,,,,,,,,
,Ability 2,Shell Armor,31 - Bullet Punch,,Ability 2,Shell Armor,31 - Bullet Punch,,,,,,,,,,,,,,,,
,Base Stats,,36 - Flash Cannon,,Base Stats,,36 - Flash Cannon,,,,,,,,,,,,,,,,
,HP,30,43 - Waterfall,,HP,75(+20),43 - Waterfall,,,,,,,,,,,,,,,,
,Attack,105,50 - Crabhammer,,Attack,130,50 - Crabhammer,,,,,,,,,,,,,,,,
,Defense,90,54 - Meteor Mash,,Defense,115,54 - Meteor Mash,,,,,,,,,,,,,,,,
,Special Attack,85(+60),60 - Cross Chop,,Special Attack,110(+60),60 - Cross Chop,,,,,,,,,,,,,,,,
,Special Defense,25,,,Special Defense,70(+20),,,,,,,,,,,,,,,,,
,Speed,50,,,Speed,75,,,,,,,,,,,,,,,,,
,,,,,Evolves at level 35.,,,,,,,,,,,,,,,,,,
,,,,,,,,,,,,,,,,,,,,,,,
,,,,,,,,,,,,,,,,,,,,,,,
,Voltorb,,Learnset,,Electrode,,Learnset,,,,,,,,,,,,,,,,
,,,1 - Metal Bash,,,,1 - Metal Bash,,,,,,,,,,,,,,,,
,,,1 - Tackle,,,,1 - Tackle,,,,,,,,,,,,,,,,
,,,1 - Screech,,,,1 - Screech,,,,,,,,,,,,,,,,
,,,8 - Thundershock,,,,8 - Thundershock,,,,,,,,,,,,,,,,
,,,15 - SonicBoom,,,,15 - SonicBoom,,,,,,,,,,,,,,,,
,ELECTRIC,STEEL,21 - Spark,,ELECTRIC,STEEL,21 - Spark,,,,,,,,,,,,,,,,
,Ability 1,Volt Absorb,27 - Shock Wave,,Ability 1,Volt Absorb,27 - Shock Wave,,,,,,,,,,,,,,,,
,Ability 2,Volt Absorb,34 - Flash Cannon,,Ability 2,Volt Absorb,34 - Flash Cannon,,,,,,,,,,,,,,,,
,Base Stats,,41 - Thunderbolt,,Base Stats,,41 - Thunderbolt,,,,,,,,,,,,,,,,
,HP,40,51 - Explosion,,HP,50(-10),51 - Explosion,,,,,,,,,,,,,,,,
,Attack,70(+40),56 - Water Pulse,,Attack,125(+75),56 - Water Pulse,,,,,,,,,,,,,,,,
,Defense,50,74 - Zap Cannon,,Defense,50(-20),74 - Zap Cannon,,,,,,,,,,,,,,,,
,Special Attack,75(+20),74 - Doom Desire,,Special Attack,125(+45),74 - Doom Desire,,,,,,,,,,,,,,,,
,Special Defense,55,74 - Volt Tackle,,Special Defense,50(-30),74 - Volt Tackle,,,,,,,,,,,,,,,,
,Speed,100,,,Speed,150(+10),,,,,,,,,,,,,,,,,
,,,,,Evolves at level 55.,,,,,,,,,,,,,,,,,,
,,,,,,,,,,,,,,,,,,,,,,,
,,,,,,,,,,,,,,,,,,,,,,,
,Exeggcute,,Learnset,,Exeggutor,,Learnset,,,,,,,,,,,,,,,,
,,,1 - Mega Drain,,,,1 - Mega Drain,,,,,,,,,,,,,,,,
,,,1 - Hypnosis,,,,1 - Hypnosis,,,,,,,,,,,,,,,,
,,,7 - Reflect,,,,7 - Reflect,,,,,,,,,,,,,,,,
,,,13 - Leech Seed,,,,13 - Leech Seed,,,,,,,,,,,,,,,,
,,,19 - Psybeam,,,,19 - Psybeam,,,,,,,,,,,,,,,,
,GRASS,PSYCHIC,25 - Sleep Powder,,GRASS,PSYCHIC,25 - Sleep Powder,,,,,,,,,,,,,,,,
,Ability 1,Chlorophyll,31 - Giga Drain,,Ability 1,Chlorophyll,31 - Giga Drain,,,,,,,,,,,,,,,,
,Ability 2,Chlorophyll,37 - Psychic,,Ability 2,Chlorophyll,37 - Psychic,,,,,,,,,,,,,,,,
,Base Stats,,43- Egg Bomb,,Base Stats,,43- Egg Bomb,,,,,,,,,,,,,,,,
,HP,80(+20),56 - Magical Leaf,,HP,95,56 - Magical Leaf,,,,,,,,,,,,,,,,
,Attack,40,61 - Explosion,,Attack,80(-15),61 - Explosion,,,,,,,,,,,,,,,,
,Defense,80,65 - Solar Beam,,Defense,95(+10),65 - Solar Beam,,,,,,,,,,,,,,,,
,Special Attack,100(+40),70 - Petal Dance,,Special Attack,125,70 - Petal Dance,,,,,,,,,,,,,,,,
,Special Defense,65(+20),74 - Psycho Boost,,Special Defense,95(+20),74 - Psycho Boost,,,,,,,,,,,,,,,,
,Speed,40,,,Speed,55,,,,,,,,,,,,,,,,,
,,,,,Evolves via Leaf Stone.,,,,,,,,,,,,,,,,,,
,,,,,,,,,,,,,,,,,,,,,,,
,,,,,,,,,,,,,,,,,,,,,,,
,Cubone,,Learnset,,Marowak,,Learnset,,,,,,,,,,,,,,,,
,,,1 - Knock Off,,,,1 - Knock Off,,,,,,,,,,,,,,,,
,,,1 - Vital Throw,,,,1 - Vital Throw,,,,,,,,,,,,,,,,
,,,1 - Mach Punch,,,,1 - Mach Punch,,,,,,,,,,,,,,,,
,,,1 - Headbutt,,,,1 - Headbutt,,,,,,,,,,,,,,,,
,,,5 - Tail Whip,,,,5 - Tail Whip,,,,,,,,,,,,,,,,
,GROUND,,9 - Bone Club,,GROUND,FIGHTING,9 - Bone Club,,,,,,,,,,,,,,,,
,Ability 1,Rock Head,13 - Karate Chop,,Ability 1,Rock Head,13 - Karate Chop,,,,,,,,,,,,,,,,
,Ability 2,Battle Armor,20 - Rock Smash,,Ability 2,Battle Armor,20 - Rock Smash,,,,,,,,,,,,,,,,
,Base Stats,,44 - Bonemarang,,Base Stats,,44 - Bonemarang,,,,,,,,,,,,,,,,
,HP,50,50 - Sky Uppercut,,HP,80(+20),50 - Sky Uppercut,,,,,,,,,,,,,,,,
,Attack,50,74 - Fissure,,Attack,80,74 - Fissure,,,,,,,,,,,,,,,,
,Defense,95,74 - Superpower,,Defense,110,74 - Superpower,,,,,,,,,,,,,,,,
,Special Attack,40,74 - Head Smash,,Special Attack,50,74 - Head Smash,,,,,,,,,,,,,,,,
,Special Defense,50,,,Special Defense,80,,,,,,,,,,,,,,,,,
,Speed,35,,,Speed,45,,,,,,,,,,,,,,,,,
,,,,,Evolves at level 28.,,,,,,,,,,,,,,,,,,
,,,,,,,,,,,,,,,,,,,,,,,
,,,,,,,,,,,,,,,,,,,,,,,
,Hitmonlee,,Learnset,,Hitmonchan,,Learnset,,Hitmontop,,Learnset,,,,,,,,,,,,
,,,1 - Reversal,,,,1 - Mach Punch,,,,1 - Mach Punch,,,,,,,,,,,,
,,,1 - Double Kick,,,,10 - Revenge,,,,10 - Revenge,,,,,,,,,,,,
,,,21 - Fake Out,,,,21 - Brick Break,,,,21 - Fake Out,,,,,,,,,,,,
,,,26 - Hi Jump Kick,,,,26 - Knock Off,,,,26 - Rapid Spin,,,,,,,,,,,,
,,,31 - Endure,,,,31 - Shadow Punch,,,,31 - Counter,,,,,,,,,,,,
,FIGHTING,,36 - Rock Slide,,FIGHTING,,36 - Detect,,FIGHTING,,36 - Rock Slide,,,,,,,,,,,,
,Ability 1,Guts,41 - Shadow Ball,,Ability 1,Battle Armor,41 - Earthquake,,Ability 1,Intimidate,41 - Detect,,,,,,,,,,,,
,Ability 2,Guts,46 - Rolling Kick,,Ability 2,Battle Armor,46 - Sky Uppercut,,Ability 2,Intimidate,46 - Mega Kick,,,,,,,,,,,,
,Base Stats,,51 - Superpower,,Base Stats,,51 - Superpower,,Base Stats,,51 - Superpower,,,,,,,,,,,,
,HP,50,,,HP,70(+20),,,HP,70(+20),,,,,,,,,,,,,
,Attack,120,,,Attack,105,,,Attack,105(+10),,,,,,,,,,,,,
,Defense,53,,,Defense,79,,,Defense,105(+10),,,,,,,,,,,,,
,Special Attack,35,,,Special Attack,35,,,Special Attack,15(-20),,,,,,,,,,,,,
,Special Defense,110,,,Special Defense,110,,,Special Defense,110,,,,,,,,,,,,,
,Speed,107(+20),,,Speed,76,,,Speed,70,,,,,,,,,,,,,
,,,,,,,,,,,,,,,,,,,,,,,
,,,,,,,,,,,,,,,,,,,,,,,
,Lickitung,,Learnset,,,,,,,,,,,,,,,,,,,,
,,,1 - Pound,,,,,,,,,,,,,,,,,,,,
,,,5 - Acid,,,,,,,,,,,,,,,,,,,,
,,,12 - Poison Gas,,,,,,,,,,,,,,,,,,,,
,,,16 - Headbutt,,,,,,,,,,,,,,,,,,,,
,,,22 - Sludge,,,,,,,,,,,,,,,,,,,,
,NORMAL,POISON,28 - Body Slam,,,,,,,,,,,,,,,,,,,,
,Ability 1,Thick Fat,32 - Crush Claw,,,,,,,,,,,,,,,,,,,,
,Ability 2,Thick Fat,36 - Sludge Bomb,,,,,,,,,,,,,,,,,,,,
,Base Stats,,40 - Yawn,,,,,,,,,,,,,,,,,,,,
,HP,110(+20),40 - Toxic,,,,,,,,,,,,,,,,,,,,
,Attack,110(+55),45 - Slack Off,,,,,,,,,,,,,,,,,,,,
,Defense,100(+25),50 - Poison Tail,,,,,,,,,,,,,,,,,,,,
,Special Attack,60,60 - Explosion,,,,,,,,,,,,,,,,,,,,
,Special Defense,100(+25),74 - Hyper Beam,,,,,,,,,,,,,,,,,,,,
,Speed,60(+30),,,,,,,,,,,,,,,,,,,,,
,,,,,,,,,,,,,,,,,,,,,,,
,,,,,,,,,,,,,,,,,,,,,,,
,Koffing,,Learnset,,Weezing,,Learnset,,,,,,,,,,,,,,,,
,,,1 - Poison Gas,,,,1 - Poison Gas,,,,,,,,,,,,,,,,
,,,1 - Tackle,,,,1 - Tackle,,,,,,,,,,,,,,,,
,,,1 - Sludge,,,,1 - Sludge,,,,,,,,,,,,,,,,
,,,21 - Sludge Bomb,,,,21 - Sludge Bomb,,,,,,,,,,,,,,,,
,,,25 - Pain Split,,,,25 - Pain Split,,,,,,,,,,,,,,,,
,POISON,,34 - Flash Cannon,,POISON,STEEL,34 - Flash Cannon,,,,,,,,,,,,,,,,
,Ability 1,Levitate,43 - Haze,,Ability 1,Levitate,43 - Haze,,,,,,,,,,,,,,,,
,Ability 2,Levitate,51 - Doom Desire,,Ability 2,Levitate,51 - Doom Desire,,,,,,,,,,,,,,,,
,Base Stats,,56 - Heat Wave,,Base Stats,,56 - Heat Wave,,,,,,,,,,,,,,,,
,HP,60(+20),66 - Explosion,,HP,75(+10),66 - Explosion,,,,,,,,,,,,,,,,
,Attack,75(+10),,,Attack,90,,,,,,,,,,,,,,,,,
,Defense,95,,,Defense,120,,,,,,,,,,,,,,,,,
,Special Attack,60,,,Special Attack,85,,,,,,,,,,,,,,,,,
,Special Defense,45,,,Special Defense,70,,,,,,,,,,,,,,,,,
,Speed,35,,,Speed,60,,,,,,,,,,,,,,,,,
,,,,,Evolves at level 35.,,,,,,,,,,,,,,,,,,
,,,,,,,,,,,,,,,,,,,,,,,
,,,,,,,,,,,,,,,,,,,,,,,
,Rhyhorn,,Learnset,,Rhydon,,Learnset,,,,,,,,,,,,,,,,
,,,1 - Knock Off,,,,1 - Knock Off,,,,,,,,,,,,,,,,
,,,11 - Rock Tomb,,,,11 - Rock Tomb,,,,,,,,,,,,,,,,
,,,16 - Mud Shot,,,,16 - Mud Shot,,,,,,,,,,,,,,,,
,,,21 - Dig,,,,21 - Dig,,,,,,,,,,,,,,,,
,,,28 - Accelerock,,,,28 - Accelerock,,,,,,,,,,,,,,,,
,ROCK,GROUND,33 - Brick Break,,ROCK,GROUND,33 - Brick Break,,,,,,,,,,,,,,,,
,Ability 1,Rock Head,37 - Rock Slide,,Ability 1,Rock Head,37 - Rock Slide,,,,,,,,,,,,,,,,
,Ability 2,Battle Armor,44 - Earthquake,,Ability 2,Battle Armor,44 - Earthquake,,,,,,,,,,,,,,,,
,Base Stats,,60 - Horn Drill,,Base Stats,,60 - Horn Drill,,,,,,,,,,,,,,,,
,HP,90(+10),74 - Superpower,,HP,125(+20),74 - Superpower,,,,,,,,,,,,,,,,
,Attack,105(+20),74 - Head Smash,,Attack,130,74 - Head Smash,,,,,,,,,,,,,,,,
,Defense,95,74 - Fissure,,Defense,120,74 - Fissure,,,,,,,,,,,,,,,,
,Special Attack,30,,,Special Attack,45,,,,,,,,,,,,,,,,,
,Special Defense,30,,,Special Defense,65(+20),,,,,,,,,,,,,,,,,
,Speed,25,,,Speed,40,,,,,,,,,,,,,,,,,
,,,,,Evolves at level 42.,,,,,,,,,,,,,,,,,,
,,,,,,,,,,,,,,,,,,,,,,,
,,,,,,,,,,,,,,,,,,,,,,,
,Chansey,,Learnset,,Blissey,,Learnset,,,,,,,,,,,,,,,,
,,,1 - Softboiled,,,,1 - Softboiled,,,,,,,,,,,,,,,,
,,,1 - Explosion,,,,1 - Explosion,,,,,,,,,,,,,,,,
,,,,,,,,,,,,,,,,,,,,,,,
,,,,,,,,,,,,,,,,,,,,,,,
,,,,,,,,,,,,,,,,,,,,,,,
,NORMAL,,,,NORMAL,,,,,,,,,,,,,,,,,,
,Ability 1,Huge Power,,,Ability 1,Huge Power,,,,,,,,,,,,,,,,,
,Ability 2,Huge Power,,,Ability 2,Huge Power,,,,,,,,,,,,,,,,,
,Base Stats,,,,Base Stats,,,,,,,,,,,,,,,,,,
,HP,250,,,HP,255,,,,,,,,,,,,,,,,,
,Attack,55(+50),,,Attack,60(+50),,,,,,,,,,,,,,,,,
,Defense,50(+45),,,Defense,60(+50),,,,,,,,,,,,,,,,,
,Special Attack,35,,,Special Attack,75,,,,,,,,,,,,,,,,,
,Special Defense,105,,,Special Defense,135,,,,,,,,,,,,,,,,,
,Speed,1(-49),,,Speed,1(-54),,,,,,,,,,,,,,,,,
,,,,,Evolves with High Friendship.,,,,,,,,,,,,,,,,,,
,,,,,,,,,,,,,,,,,,,,,,,
,,,,,,,,,,,,,,,,,,,,,,,
,Tangela,,Learnset,,,,,,,,,,,,,,,,,,,,
,,,1 - Leech Seed,,,,,,,,,,,,,,,,,,,,
,,,10 - Absorb,,,,,,,,,,,,,,,,,,,,
,,,13 - Synthesis,,,,,,,,,,,,,,,,,,,,
,,,19 - Sleep Powder,,,,,,,,,,,,,,,,,,,,
,,,22 - Magical Leaf,,,,,,,,,,,,,,,,,,,,
,GRASS,,28 - Knock Off,,,,,,,,,,,,,,,,,,,,
,Ability 1,Thick Fat,31 - Giga Drain,,,,,,,,,,,,,,,,,,,,
,Ability 2,Thick Fat,37 - Earthquake,,,,,,,,,,,,,,,,,,,,
,Base Stats,,40 - Leaf Blade,,,,,,,,,,,,,,,,,,,,
,HP,100(+35),60 - Petal Dance,,,,,,,,,,,,,,,,,,,,
,Attack,100(+45),,,,,,,,,,,,,,,,,,,,,
,Defense,125(+10),,,,,,,,,,,,,,,,,,,,,
,Special Attack,110(+20),,,,,,,,,,,,,,,,,,,,,
,Special Defense,60(+20),,,,,,,,,,,,,,,,,,,,,
,Speed,50(-10),,,,,,,,,,,,,,,,,,,,,
,,,,,,,,,,,,,,,,,,,,,,,
,,,,,,,,,,,,,,,,,,,,,,,
,Kangaskhan,,Learnset,,,,,,,,,,,,,,,,,,,,
,,,1 - Comet Punch,,,,,,,,,,,,,,,,,,,,
,,,1 - Leer,,,,,,,,,,,,,,,,,,,,
,,,7 - Bite,,,,,,,,,,,,,,,,,,,,
,,,13 - Swift,,,,,,,,,,,,,,,,,,,,
,,,19 - Dragon Breath,,,,,,,,,,,,,,,,,,,,
,NORMAL,DRAGON,19 - Fake Out,,,,,,,,,,,,,,,,,,,,
,Ability 1,Thick Fat,31 - Body Slam,,,,,,,,,,,,,,,,,,,,
,Ability 2,Thick Fat,36 - Dragon Claw,,,,,,,,,,,,,,,,,,,,
,Base Stats,,43 - Crush Claw,,,,,,,,,,,,,,,,,,,,
,HP,105,58 - Cross Chop,,,,,,,,,,,,,,,,,,,,
,Attack,105(+10),66 - Outrage,,,,,,,,,,,,,,,,,,,,
,Defense,100(+20),74 - Hyper Beam,,,,,,,,,,,,,,,,,,,,
,Special Attack,100(+60),,,,,,,,,,,,,,,,,,,,,
,Special Defense,100(+20),,,,,,,,,,,,,,,,,,,,,
,Speed,90,,,,,,,,,,,,,,,,,,,,,
,,,,,,,,,,,,,,,,,,,,,,,
,,,,,,,,,,,,,,,,,,,,,,,
,Horsea,,Learnset,,Seadra,,Learnset,,Kingdra,,Learnset,,,,,,,,,,,,
,,,1 - Bubble,,,,1 - Bubble,,,,1 - Bubble,,,,,,,,,,,,
,,,1 - Aqua Jet,,,,1 - Aqua Jet,,,,1 - Aqua Jet,,,,,,,,,,,,
,,,1 - Leer,,,,1 - Leer,,,,1 - Leer,,,,,,,,,,,,
,,,1 - Water Gun,,,,1 - Water Gun,,,,1 - Water Gun,,,,,,,,,,,,
,,,8 - BubbleBeam,,,,8 - BubbleBeam,,,,8 - BubbleBeam,,,,,,,,,,,,
,WATER,,29 - Dragonbreath,,WATER,,29 - Dragonbreath,,WATER,DRAGON,29 - Dragonbreath,,,,,,,,,,,,
,Ability 1,Swift Swim,40 - Dragon Claw,,Ability 1,Swift Swim,40 - Dragon Claw,,Ability 1,Swift Swim,40 - Dragon Claw,,,,,,,,,,,,
,Ability 2,Swift Swim,44 - Octazooka,,Ability 2,Swift Swim,44 - Octazooka,,Ability 2,Swift Swim,44 - Octazooka,,,,,,,,,,,,
,Base Stats,,52 - Flamethrower,,Base Stats,,52 - Flamethrower,,Base Stats,,52 - Flamethrower,,,,,,,,,,,,
,HP,30,74 - Outrage,,HP,55,74 - Outrage,,HP,75,74 - Outrage,,,,,,,,,,,,
,Attack,40,84 - Hydro Cannon,,Attack,65,84 - Hydro Cannon,,Attack,65(-30),84 - Hydro Cannon,,,,,,,,,,,,
,Defense,70,,,Defense,95,,,Defense,95,,,,,,,,,,,,,
,Special Attack,70,,,Special Attack,95,,,Special Attack,105(+10),,,,,,,,,,,,,
,Special Defense,25,,,Special Defense,65,,,Special Defense,95,,,,,,,,,,,,,
,Speed,60,,,Speed,85,,,Speed,105(+20),,,,,,,,,,,,,
,,,,,Evolves at level 22.,,,,Evolves at level 44.,,,,,,,,,,,,,,
,,,,,,,,,,,,,,,,,,,,,,,
,,,,,,,,,,,,,,,,,,,,,,,
,Goldeen,,Learnset,,Seaking,,Learnset,,,,,,,,,,,,,,,,
,,,1 - Peck,,,,1 - Peck,,,,,,,,,,,,,,,,
,,,1 - Tail Whip,,,,1 - Tail Whip,,,,,,,,,,,,,,,,
,,,1 - Aqua Jet,,,,1 - Aqua Jet,,,,,,,,,,,,,,,,
,,,10 - Spark,,,,10 - Spark,,,,,,,,,,,,,,,,
,,,15 - Horn Attack,,,,15 - Horn Attack,,,,,,,,,,,,,,,,
,WATER,,20 - Shock Wave,,WATER,ELECTRIC,20 - Shock Wave,,,,,,,,,,,,,,,,
,Ability 1,Volt Absorb,28 - Waterfall,,Ability 1,Volt Absorb,28 - Waterfall,,,,,,,,,,,,,,,,
,Ability 2,Volt Absorb,34 - Thunderbolt,,Ability 2,Volt Absorb,34 - Thunderbolt,,,,,,,,,,,,,,,,
,Base Stats,,42 - Surf,,Base Stats,,42 - Surf,,,,,,,,,,,,,,,,
,HP,65(+20),60 - Zap Cannon,,HP,80,60 - Zap Cannon,,,,,,,,,,,,,,,,
,Attack,35(-32),60 - Hydro Cannon,,Attack,62(-30),60 - Hydro Cannon,,,,,,,,,,,,,,,,
,Defense,60,,,Defense,85(+20),,,,,,,,,,,,,,,,,
,Special Attack,87(+52),,,Special Attack,105(+40),,,,,,,,,,,,,,,,,
,Special Defense,60(+10),,,Special Defense,80,,,,,,,,,,,,,,,,,
,Speed,83(+20),,,Speed,98(+30),,,,,,,,,,,,,,,,,
,,,,,Evolves at level 28.,,,,,,,,,,,,,,,,,,
,,,,,,,,,,,,,,,,,,,,,,,
,,,,,,,,,,,,,,,,,,,,,,,
,Staryu,,Learnset,,Starmie,,Learnset,,,,,,,,,,,,,,,,
,,,1 - Recover,,,,1 - Recover,,,,,,,,,,,,,,,,
,,,1 - Rapid Spin,,,,1 - Rapid Spin,,,,,,,,,,,,,,,,
,,,5 - Water Gun,,,,5 - Water Gun,,,,,,,,,,,,,,,,
,,,10 - Confusion,,,,10 - Confusion,,,,,,,,,,,,,,,,
,,,16 - Psybeam,,,,16 - Psybeam,,,,,,,,,,,,,,,,
,WATER,PSYCHIC,18 - BubbleBeam,,WATER,PSYCHIC,18 - BubbleBeam,,,,,,,,,,,,,,,,
,Ability 1,Compound Eyes,36 - Psychic,,Ability 1,Compound Eyes,36 - Psychic,,,,,,,,,,,,,,,,
,Ability 2,Compound Eyes,42 - Surf,,Ability 2,Compound Eyes,42 - Surf,,,,,,,,,,,,,,,,
,Base Stats,,56 - Mist Ball,,Base Stats,,56 - Mist Ball,,,,,,,,,,,,,,,,
,HP,60(+30),70 - Blizzard,,HP,60,70 - Blizzard,,,,,,,,,,,,,,,,
,Attack,45,70 - Thunder,,Attack,75,70 - Thunder,,,,,,,,,,,,,,,,
,Defense,55,70 - Hydro Pump,,Defense,85,70 - Hydro Pump,,,,,,,,,,,,,,,,
,Special Attack,80(+10),,,Special Attack,110(+10),,,,,,,,,,,,,,,,,
,Special Defense,55,,,Special Defense,85,,,,,,,,,,,,,,,,,
,Speed,95(+10),,,Speed,115,,,,,,,,,,,,,,,,,
,,,,,Evolves via Water Stone.,,,,,,,,,,,,,,,,,,
,,,,,,,,,,,,,,,,,,,,,,,
,,,,,,,,,,,,,,,,,,,,,,,
,Mr. Mime,,Learnset,,,,,,,,,,,,,,,,,,,,
,,,1 - Barrier,,,,,,,,,,,,,,,,,,,,
,,,5 - Confusion,,,,,,,,,,,,,,,,,,,,
,,,15 - Thunderbolt,,,,,,,,,,,,,,,,,,,,
,,,22 - Magical Leaf,,,,,,,,,,,,,,,,,,,,
,,,24 - Fake Out,,,,,,,,,,,,,,,,,,,,
,PSYCHIC,,26 - Encore,,,,,,,,,,,,,,,,,,,,
,Ability 1,Trace,29 - Psybeam,,,,,,,,,,,,,,,,,,,,
,Ability 2,Trace,33 - Recover,,,,,,,,,,,,,,,,,,,,
,Base Stats,,43 - Psychic,,,,,,,,,,,,,,,,,,,,
,HP,40,47 - Baton Pass,,,,,,,,,,,,,,,,,,,,
,Attack,50,60 - Psycho Boost,,,,,,,,,,,,,,,,,,,,
,Defense,65,84 - Trick,,,,,,,,,,,,,,,,,,,,
,Special Attack,120(+20),,,,,,,,,,,,,,,,,,,,,
,Special Defense,120,,,,,,,,,,,,,,,,,,,,,
,Speed,120(+30),,,,,,,,,,,,,,,,,,,,,
,,,,,,,,,,,,,,,,,,,,,,,
,,,,,,,,,,,,,,,,,,,,,,,
,Scyther,,Learnset,,Scizor,,Learnset,,,,,,,,,,,,,,,,
,,,1 - Bullet Punch,,,,1 - Bullet Punch,,,,,,,,,,,,,,,,
,,,1 - Leer,,,,1 - Leer,,,,,,,,,,,,,,,,
,,,6 - Wing Attack,,,,6 - Wing Attack,,,,,,,,,,,,,,,,
,,,11 - Cut,,,,11 - Cut,,,,,,,,,,,,,,,,
,,,16 - Quick Attack,,,,16 - Quick Attack,,,,,,,,,,,,,,,,
,BUG,FLYING,26 - Aerial Ace,,BUG,STEEL,26 - Aerial Ace,,,,,,,,,,,,,,,,
,Ability 1,Swarm,31 - Twineedle,,Ability 1,Battle Armor,31 - Twineedle,,,,,,,,,,,,,,,,
,Ability 2,Swarm,36 - Rock Slide,,Ability 2,Battle Armor,36 - Rock Slide,,,,,,,,,,,,,,,,
,Base Stats,,40 - Sky Uppercut,,Base Stats,,40 - Sky Uppercut,,,,,,,,,,,,,,,,
,HP,70,50 - Meteor Mash,,HP,70,50 - Meteor Mash,,,,,,,,,,,,,,,,
,Attack,110,56 - Leech Life,,Attack,130,56 - Leech Life,,,,,,,,,,,,,,,,
,Defense,80,62 - Iron Tail,,Defense,100,62 - Iron Tail,,,,,,,,,,,,,,,,
,Special Attack,55,66 - Earthquake,,Special Attack,55,66 - Earthquake,,,,,,,,,,,,,,,,
,Special Defense,80,70 - Superpower,,Special Defense,80,70 - Superpower,,,,,,,,,,,,,,,,
,Speed,105,,,Speed,65,,,,,,,,,,,,,,,,,
,,,,,Evolves at level 40.,,,,,,,,,,,,,,,,,,
,,,,,,,,,,,,,,,,,,,,,,,
,,,,,,,,,,,,,,,,,,,,,,,
,Smoochum,,Learnset,,Jynx,,Learnset,,,,,,,,,,,,,,,,
,,,1 - Pound,,,,1 - Pound,,,,,,,,,,,,,,,,
,,,1 - Lick,,,,1 - Lick,,,,,,,,,,,,,,,,
,,,1 - Lovely Kiss,,,,1 - Lovely Kiss,,,,,,,,,,,,,,,,
,,,1 - Powder Snow,,,,1 - Powder Snow,,,,,,,,,,,,,,,,
,,,9 - Confusion,,,,9 - Confusion,,,,,,,,,,,,,,,,
,ICE,PSYCHIC,13 - Icy Wind,,ICE,PSYCHIC,13 - Icy Wind,,,,,,,,,,,,,,,,
,Ability 1,Water Absorb,21 - Psybeam,,Ability 1,Water Absorb,21 - Psybeam,,,,,,,,,,,,,,,,
,Ability 2,Water Absorb,25 - Ice Punch,,Ability 2,Water Absorb,25 - Ice Punch,,,,,,,,,,,,,,,,
,Base Stats,,35 - Psychic,,Base Stats,,35 - Psychic,,,,,,,,,,,,,,,,
,HP,45,41 - Ice Beam,,HP,65,41 - Ice Beam,,,,,,,,,,,,,,,,
,Attack,30,57 - Perish Song,,Attack,50,57 - Perish Song,,,,,,,,,,,,,,,,
,Defense,15,67 - Sheer Cold,,Defense,35,67 - Sheer Cold,,,,,,,,,,,,,,,,
,Special Attack,105(+20),74 - Thunder,,Special Attack,145(+30),74 - Thunder,,,,,,,,,,,,,,,,
,Special Defense,85(+20),84 - Psycho Boost,,Special Defense,115(+20),84 - Psycho Boost,,,,,,,,,,,,,,,,
,Speed,105(+40),,,Speed,135(+40),,,,,,,,,,,,,,,,,
,,,,,Evolves at level 65.,,,,,,,,,,,,,,,,,,
,,,,,,,,,,,,,,,,,,,,,,,
,,,,,,,,,,,,,,,,,,,,,,,
,Elekid,,Learnset,,Electabuzz,,Learnset,,,,,,,,,,,,,,,,
,,,1 - Zap Cannon,,,,1 - Zap Cannon,,,,,,,,,,,,,,,,
,,,1 - Growl,,,,1 - Growl,,,,,,,,,,,,,,,,
,,,6 - Thundershock,,,,6 - Thundershock,,,,,,,,,,,,,,,,
,,,8 - Karate Chop,,,,8 - Karate Chop,,,,,,,,,,,,,,,,
,,,11 - Quick Attack,,,,11 - Quick Attack,,,,,,,,,,,,,,,,
,ELECTRIC,FIGHTING,15 - Shock Wave,,ELECTRIC,FIGHTING,15 - Shock Wave,,,,,,,,,,,,,,,,
,Ability 1,Volt Absorb,20 - Rock Smash,,Ability 1,Volt Absorb,20 - Rock Smash,,,,,,,,,,,,,,,,
,Ability 2,Volt Absorb,25 - Fire Punch,,Ability 2,Volt Absorb,25 - Fire Punch,,,,,,,,,,,,,,,,
,Base Stats,,25 - Ice Punch,,Base Stats,,25 - Ice Punch,,,,,,,,,,,,,,,,
,HP,45,30 - Thunder Wave,,HP,65,30 - Thunder Wave,,,,,,,,,,,,,,,,
,Attack,83(+20),35 - Vital Throw,,Attack,123(+40),35 - Vital Throw,,,,,,,,,,,,,,,,
,Defense,37,41 - Cross Chop,,Defense,57,41 - Cross Chop,,,,,,,,,,,,,,,,
,Special Attack,85(+20),50 - Thunderbolt,,Special Attack,115(+20),50 - Thunderbolt,,,,,,,,,,,,,,,,
,Special Defense,55,56 - Earthquake,,Special Defense,85,56 - Earthquake,,,,,,,,,,,,,,,,
,Speed,95,74 - Superpower,,Speed,105,74 - Superpower,,,,,,,,,,,,,,,,
,,,74 - Zap Cannon,,Evolves at level 50.,,74 - Zap Cannon,,,,,,,,,,,,,,,,
,,,74 - Volt Tackle,,,,74 - Volt Tackle,,,,,,,,,,,,,,,,
,,,,,,,,,,,,,,,,,,,,,,,
,,,,,,,,,,,,,,,,,,,,,,,
,Magby,,Learnset,,Magmar,,Learnset,,,,,,,,,,,,,,,,
,,,1 - Ember,,,,1 - Ember,,,,,,,,,,,,,,,,
,,,1 - Leer,,,,1 - Leer,,,,,,,,,,,,,,,,
,,,1 - Thundershock,,,,1 - Thundershock,,,,,,,,,,,,,,,,
,,,7 - Leer,,,,7 - Leer,,,,,,,,,,,,,,,,
,,,13 - Flame Wheel,,,,13 - Flame Wheel,,,,,,,,,,,,,,,,
,FIRE,ELECTRIC,18 - Shock Wave,,FIRE,ELECTRIC,18 - Shock Wave,,,,,,,,,,,,,,,,
,Ability 1,Flash Fire,25 - Fire Punch,,Ability 1,Flash Fire,25 - Fire Punch,,,,,,,,,,,,,,,,
,Ability 2,Flash Fire,25 - Thunder Punch,,Ability 2,Flash Fire,25 - Thunder Punch,,,,,,,,,,,,,,,,
,Base Stats,,34 - Will-o-Wisp,,Base Stats,,34 - Will-o-Wisp,,,,,,,,,,,,,,,,
,HP,45,41 - Flamethrower,,HP,65,41 - Flamethrower,,,,,,,,,,,,,,,,
,Attack,75,50 - Thunderbolt,,Attack,95,50 - Thunderbolt,,,,,,,,,,,,,,,,
,Defense,37,57 - Heat Wave,,Defense,57,57 - Heat Wave,,,,,,,,,,,,,,,,
,Special Attack,100(+30),64 - Zap Cannon,,Special Attack,120(+20),64 - Zap Cannon,,,,,,,,,,,,,,,,
,Special Defense,55,64 - Overheat,,Special Defense,90(+5),64 - Overheat,,,,,,,,,,,,,,,,
,Speed,103(+20),74 - Blast Burn,,Speed,123(+30),74 - Blast Burn,,,,,,,,,,,,,,,,
,,,74 - Volt Tackle,,Evolves at level 50.,,74 - Volt Tackle,,,,,,,,,,,,,,,,
,,,,,,,,,,,,,,,,,,,,,,,
,,,,,,,,,,,,,,,,,,,,,,,
,Pinsir,,Learnset,,,,,,,,,,,,,,,,,,,,
,,,1 - Vice Grip,,,,,,,,,,,,,,,,,,,,
,,,1 - Focus Energy,,,,,,,,,,,,,,,,,,,,
,,,7 - Fury Cutter,,,,,,,,,,,,,,,,,,,,
,,,13 - Mud Shot,,,,,,,,,,,,,,,,,,,,
,,,19 - Leech Life,,,,,,,,,,,,,,,,,,,,
,BUG,GROUND,25 - Revenge,,,,,,,,,,,,,,,,,,,,
,Ability 1,Intimidate,31 - Brick Break,,,,,,,,,,,,,,,,,,,,
,Ability 2,Intimidate,43 - Submission,,,,,,,,,,,,,,,,,,,,
,Base Stats,,49 - Twineedle,,,,,,,,,,,,,,,,,,,,
,HP,65,56 - Earthquake,,,,,,,,,,,,,,,,,,,,
,Attack,125,62 - Horn Drill,,,,,,,,,,,,,,,,,,,,
,Defense,100,74 - Fissure,,,,,,,,,,,,,,,,,,,,
,Special Attack,55,,,,,,,,,,,,,,,,,,,,,
,Special Defense,70,,,,,,,,,,,,,,,,,,,,,
,Speed,105(+20),,,,,,,,,,,,,,,,,,,,,
,,,,,,,,,,,,,,,,,,,,,,,
,,,,,,,,,,,,,,,,,,,,,,,
,Tauros,,Learnset,,,,,,,,,,,,,,,,,,,,
,,,1 - Tackle,,,,,,,,,,,,,,,,,,,,
,,,12 - Tail Whip,,,,,,,,,,,,,,,,,,,,
,,,18 - Dig,,,,,,,,,,,,,,,,,,,,
,,,23 - Stomp,,,,,,,,,,,,,,,,,,,,
,,,29 - Rock Slide,,,,,,,,,,,,,,,,,,,,
,NORMAL,GROUND,36 - Body Slam,,,,,,,,,,,,,,,,,,,,
,Ability 1,Intimidate,44 - Earthquake,,,,,,,,,,,,,,,,,,,,
,Ability 2,Rock Head,60 - Horn Drill,,,,,,,,,,,,,,,,,,,,
,Base Stats,,74 - Fissure,,,,,,,,,,,,,,,,,,,,
,HP,75,74 - Hyper Beam,,,,,,,,,,,,,,,,,,,,
,Attack,110(+10),74 - Superpower,,,,,,,,,,,,,,,,,,,,
,Defense,95,,,,,,,,,,,,,,,,,,,,,
,Special Attack,40,,,,,,,,,,,,,,,,,,,,,
,Special Defense,70,,,,,,,,,,,,,,,,,,,,,
,Speed,110,,,,,,,,,,,,,,,,,,,,,
,,,,,,,,,,,,,,,,,,,,,,,
,,,,,,,,,,,,,,,,,,,,,,,
,Magikarp,,Learnset,,Gyarados,,Learnset,,,,,,,,,,,,,,,,
,,,1 - Flail,,,,1 - Flail,,,,,,,,,,,,,,,,
,,,20 - Bite,,,,20 - Bite,,,,,,,,,,,,,,,,
,,,25 - Dragon Rage,,,,25 - Dragon Rage,,,,,,,,,,,,,,,,
,,,30 - Waterfall,,,,30 - Waterfall,,,,,,,,,,,,,,,,
,,,35 - Crunch,,,,35 - Crunch,,,,,,,,,,,,,,,,
,WATER,,40 - Aerial Ace,,WATER,FLYING,40 - Aerial Ace,,,,,,,,,,,,,,,,
,Ability 1,Huge Power,45 - Aeroblast,,Ability 1,Intimidate,45 - Aeroblast,,,,,,,,,,,,,,,,
,Ability 2,Huge Power,50 - Earthquake,,Ability 2,Intimidate,50 - Earthquake,,,,,,,,,,,,,,,,
,Base Stats,,80 - Sky Attack,,Base Stats,,80 - Sky Attack,,,,,,,,,,,,,,,,
,HP,20,80 - Hydro Cannon,,HP,95,80 - Hydro Cannon,,,,,,,,,,,,,,,,
,Attack,10,,,Attack,125,,,,,,,,,,,,,,,,,
,Defense,55,,,Defense,79,,,,,,,,,,,,,,,,,
,Special Attack,15,,,Special Attack,120(+60),,,,,,,,,,,,,,,,,
,Special Defense,20,,,Special Defense,110,,,,,,,,,,,,,,,,,
,Speed,80,,,Speed,81,,,,,,,,,,,,,,,,,
,,,,,,,,,,,,,,,,,,,,,,,
,,,,,,,,,,,,,,,,,,,,,,,
,Lapras,,Learnset,,,,,,,,,,,,,,,,,,,,
,,,1 - Leer,,,,,,,,,,,,,,,,,,,,
,,,1 - Water Gun,,,,,,,,,,,,,,,,,,,,
,,,8- BubbleBeam,,,,,,,,,,,,,,,,,,,,
,,,29 - Dragonbreath,,,,,,,,,,,,,,,,,,,,
,,,35 - Icy Wind,,,,,,,,,,,,,,,,,,,,
,WATER,DRAGON,40 - Dragon Claw,,,,,,,,,,,,,,,,,,,,
,Ability 1,Shell Armor,44 - Muddy Water,,,,,,,,,,,,,,,,,,,,
,Ability 2,Shell Armor,52 - Thunderbolt,,,,,,,,,,,,,,,,,,,,
,Base Stats,,56 - Ice Beam,,,,,,,,,,,,,,,,,,,,
,HP,130,74 - Hydro Cannon,,,,,,,,,,,,,,,,,,,,
,Attack,85,74 - Outrage,,,,,,,,,,,,,,,,,,,,
,Defense,80,100 - Recover,,,,,,,,,,,,,,,,,,,,
,Special Attack,85,,,,,,,,,,,,,,,,,,,,,
,Special Defense,95,,,,,,,,,,,,,,,,,,,,,
,Speed,60,,,,,,,,,,,,,,,,,,,,,
,,,,,,,,,,,,,,,,,,,,,,,
,,,,,,,,,,,,,,,,,,,,,,,
,Eevee,,Learnset,,Flareon,,Learnset,,Jolteon,,Learnset,,Vaporeon,,Learnset,,Espeon,,Learnset,,Umbreon,,Learnset
,,,1 - Tackle,,,,1 - Tackle,,,,1 - Helping Hand,,,,1 - Tackle,,,,1 - Tackle,,,,1 - Tackle 
,,,1 - Tail Whip,,,,1 - Tail Whip,,,,1 - Tackle,,,,1 - Tail Whip,,,,1 - Tail Whip,,,,1 - Tail Whip
,,,1 - Helping Hand,,,,1 - Helping Hand,,,,1 - Tail Whip,,,,1 - Helping Hand,,,,1 - Helping Hand,,,,1 - Helping Hand
,,,16 - Growl,,,,8 - Baton Pass,,,,8 - Baton Pass,,,,8 - Baton Pass,,,,8 - Baton Pass,,,,8 - Baton Pass
,,,23 - Quick Attack,,,,16 - Ember,,,,16 - Thundershock,,,,16 - Water Gun,,,,16 - Confusion,,,,16 - Faint Attack
,NORMAL,,30 - Bite,,FIRE,,23 - Quick Attack,,ELECTRIC,,23 - Quick Attack,,WATER,,23 - Quick Attack,,PSYCHIC,,23 - Quick Attack,,DARK,,23 - Sucker Punch
,Ability 1,Run Away,36 - Baton Pass,,Ability 1,Flash Fire,30 - Bite,,Ability 1,Volt Absorb,30 - Shock Wave,,Ability 1,Water Absorb,30 - Bite,,Ability 1,Serene Grace,30 - Psybeam,,Ability 1,Immunity,30 - Toxic
,Ability 2,Run Away,42 - Extremespeed,,Ability 2,Flash Fire,36 - Flamethrower,,Ability 2,Volt Absorb,36 - Thunderbolt,,Ability 2,Water Absorb,36 - Surf,,Ability 2,Serene Grace,36 - Psychic,,Ability 2,Immunity,36 - Knock Off
,Base Stats,,,,Base Stats,,42 - Extremespeed,,Base Stats,,42 - Extremespeed,,Base Stats,,42 - Haze,,Base Stats,,42 - Crunch,,Base Stats,,42 - Crunch
,HP,55,,,HP,65,47 - Crunch,,HP,65,47 - Aurora Beam,,HP,130,47 - Recover,,HP,65,47 - Mist Ball,,HP,95,47 - Screech
,Attack,55,,,Attack,65(-65),52 - Blaze Kick,,Attack,65,52 - Volt Tackle,,Attack,65,52 - Muddy Water,,Attack,65,52 - Heat Wave,,Attack,65,52 - Recover
,Defense,50,,,Defense,60,60 - Overheat,,Defense,60,60 - Zap Cannon,,Defense,60,74 - Hydro Cannon,,Defense,60,74 - Psycho Boost,,Defense,110,65 - Night Daze
,Special Attack,40,,,Special Attack,130(+35),74 - Blast Burn,,Special Attack,110,,,Special Attack,110,,,Special Attack,130,,,Special Attack,60,
,Special Defense,65,,,Special Defense,110,,,Special Defense,95,,,Special Defense,95,,,Special Defense,95,,,Special Defense,130,
,Speed,55,,,Speed,95(+30),,,Speed,130,,,Speed,65,,,Speed,110,,,Speed,65,
,Now learns every TM + HM BUT the,,,,Evolves via Fire Stone.,,,,Evolves via Electric Stone.,,,,Evolves via Water Stone.,,,,Evolves via Sun Stone.,,,,Evolves via Moon Stone.,,
,Eeveelutions don't.,,,,,,,,,,,,,,,,,,,,,,
,,,,,,,,,,,,,,,,,,,,,,,
,,,,,,,,,,,,,,,,,,,,,,,
,Porygon,,Learnset,,Porygon2,,Learnset,,,,,,,,,,,,,,,,
,,,1 - Tackle,,,,1 - Tackle,,,,,,,,,,,,,,,,
,,,7 - Thundershock,,,,7 - Thundershock,,,,,,,,,,,,,,,,
,,,12 - Headbutt,,,,12 - Headbutt,,,,,,,,,,,,,,,,
,,,20 - Recover,,,,20 - Recover,,,,,,,,,,,,,,,,
,,,24 - Icy Wind,,,,24 - Icy Wind,,,,,,,,,,,,,,,,
,NORMAL,ELECTRIC,28 - Shock Wave,,NORMAL,ELECTRIC,28 - Shock Wave,,,,,,,,,,,,,,,,
,Ability 1,Levitate,34 - Hyper Voice,,Ability 1,Levitate,34 - Hyper Voice,,,,,,,,,,,,,,,,
,Ability 2,Levitate,40 - Thunderbolt,,Ability 2,Levitate,40 - Thunderbolt,,,,,,,,,,,,,,,,
,Base Stats,,45 - Tri Attack,,Base Stats,,45 - Tri Attack,,,,,,,,,,,,,,,,
,HP,85(+20),50 - Zap Cannon,,HP,95(+10),50 - Zap Cannon,,,,,,,,,,,,,,,,
,Attack,60,,,Attack,90(+10),,,,,,,,,,,,,,,,,
,Defense,80(+10),,,Defense,90,,,,,,,,,,,,,,,,,
,Special Attack,85,,,Special Attack,110(+5),,,,,,,,,,,,,,,,,
,Special Defense,85(+10),,,Special Defense,95,,,,,,,,,,,,,,,,,
,Speed,40,,,Speed,60,,,,,,,,,,,,,,,,,
,,,,,Evolves at level 36.,,,,,,,,,,,,,,,,,,
,,,,,,,,,,,,,,,,,,,,,,,
,,,,,,,,,,,,,,,,,,,,,,,
,Omanyte,,Learnset,,Omastar,,Learnset,,,,,,,,,,,,,,,,
,,,1 - Withdraw,,,,1 - Withdraw,,,,,,,,,,,,,,,,
,,,1 - Bite,,,,1 - Bite,,,,,,,,,,,,,,,,
,,,1 - Water Gun,,,,1 - Water Gun,,,,,,,,,,,,,,,,
,,,13 - Bite,,,,13 - Bite,,,,,,,,,,,,,,,,
,,,19 - BubbleBeam,,,,19 - BubbleBeam,,,,,,,,,,,,,,,,
,WATER,ROCK,25 - Rock Tomb,,WATER,ROCK,25 - Rock Tomb,,,,,,,,,,,,,,,,
,Ability 1,Shell Armor,31 - Ice Beam,,Ability 1,Shell Armor,31 - Ice Beam,,,,,,,,,,,,,,,,
,Ability 2,Shell Armor,37 - Protect,,Ability 2,Shell Armor,37 - Protect,,,,,,,,,,,,,,,,
,Base Stats,,40 - Waterfall,,Base Stats,,40 - Waterfall,,,,,,,,,,,,,,,,
,HP,35,46 - Recover,,HP,90(+20),46 - Recover,,,,,,,,,,,,,,,,
,Attack,40,55 - Muddy Water,,Attack,60,55 - Muddy Water,,,,,,,,,,,,,,,,
,Defense,100,74 - Hydro Cannon,,Defense,125,74 - Hydro Cannon,,,,,,,,,,,,,,,,
,Special Attack,90,,,Special Attack,115,,,,,,,,,,,,,,,,,
,Special Defense,55,,,Special Defense,90(+20),,,,,,,,,,,,,,,,,
,Speed,35,,,Speed,50,,,,,,,,,,,,,,,,,
,,,,,Evolves at level 40.,,,,,,,,,,,,,,,,,,
,,,,,,,,,,,,,,,,,,,,,,,
,,,,,,,,,,,,,,,,,,,,,,,
,Kabuto,,Learnset,,Kabutops,,Learnset,,,,,,,,,,,,,,,,
,,,1 - Leech Life,,,,1 - Leech Life,,,,,,,,,,,,,,,,
,,,1 - Scratch,,,,1 - Scratch,,,,,,,,,,,,,,,,
,,,1 - Harden,,,,1 - Harden,,,,,,,,,,,,,,,,
,,,1 - Absorb,,,,1 - Absorb,,,,,,,,,,,,,,,,
,,,1 - Leer,,,,1 - Leer,,,,,,,,,,,,,,,,
,WATER,ROCK,13 - Accelerock,,WATER,ROCK,13 - Accelerock,,,,,,,,,,,,,,,,
,Ability 1,Swift Swim,19 - BubbleBeam,,Ability 1,Swift Swim,19 - BubbleBeam,,,,,,,,,,,,,,,,
,Ability 2,Swift Swim,25 - Rock Tomb,,Ability 2,Swift Swim,25 - Rock Tomb,,,,,,,,,,,,,,,,
,Base Stats,,31 - Rock Slide,,Base Stats,,31 - Rock Slide,,,,,,,,,,,,,,,,
,HP,30,37 - Protect,,HP,60,37 - Protect,,,,,,,,,,,,,,,,
,Attack,80,40 - Waterfall,,Attack,115,40 - Waterfall,,,,,,,,,,,,,,,,
,Defense,90,46 - Strength,,Defense,65(-40),46 - Strength,,,,,,,,,,,,,,,,
,Special Attack,55,55 - Giga Drain,,Special Attack,105(+40),55 - Giga Drain,,,,,,,,,,,,,,,,
,Special Defense,45,74 - Superpower,,Special Defense,70,74 - Superpower,,,,,,,,,,,,,,,,
,Speed,55,74 - Head Smash,,Speed,100(+20),74 - Head Smash,,,,,,,,,,,,,,,,
,,,74 - Hydro Cannon,,Evolves at level 40.,,74 - Hydro Cannon,,,,,,,,,,,,,,,,
,,,,,,,,,,,,,,,,,,,,,,,
,,,,,,,,,,,,,,,,,,,,,,,
,Aerodactyl,,Learnset,,,,,,,,,,,,,,,,,,,,
,,,1 - Wing Attack,,,,,,,,,,,,,,,,,,,,
,,,8 - Agility,,,,,,,,,,,,,,,,,,,,
,,,15 - Rock Tomb,,,,,,,,,,,,,,,,,,,,
,,,22 - Rock Slide,,,,,,,,,,,,,,,,,,,,
,,,29 - Ancient Power,,,,,,,,,,,,,,,,,,,,
,ROCK,FLYING,36 - Aerial Ace,,,,,,,,,,,,,,,,,,,,
,Ability 1,Intimidate,48 - Iron Tail,,,,,,,,,,,,,,,,,,,,
,Ability 2,Intimidate,56 - Earthquake,,,,,,,,,,,,,,,,,,,,
,Base Stats,,62 - Aeroblast,,,,,,,,,,,,,,,,,,,,
,HP,80,84 - Head Smash,,,,,,,,,,,,,,,,,,,,
,Attack,110(+5),84 - Sky Attack,,,,,,,,,,,,,,,,,,,,
,Defense,65,,,,,,,,,,,,,,,,,,,,,
,Special Attack,60,,,,,,,,,,,,,,,,,,,,,
,Special Defense,75,,,,,,,,,,,,,,,,,,,,,
,Speed,130,,,,,,,,,,,,,,,,,,,,,
,,,,,,,,,,,,,,,,,,,,,,,
,,,,,,,,,,,,,,,,,,,,,,,
,Snorlax,,Learnset,,,,,,,,,,,,,,,,,,,,
,,,1 - Slack Off,,,,,,,,,,,,,,,,,,,,
,,,5 - Amnesia,,,,,,,,,,,,,,,,,,,,
,,,9 - Defense Curl,,,,,,,,,,,,,,,,,,,,
,,,17 - Headbutt,,,,,,,,,,,,,,,,,,,,
,,,21 - Yawn,,,,,,,,,,,,,,,,,,,,
,NORMAL,,25 - Rest,,,,,,,,,,,,,,,,,,,,
,Ability 1,Thick Fat,33 - Body Slam,,,,,,,,,,,,,,,,,,,,
,Ability 2,Thick Fat,37 - Sleep Talk,,,,,,,,,,,,,,,,,,,,
,Base Stats,,41 - Block,,,,,,,,,,,,,,,,,,,,
,HP,160,45 - Shadow Ball,,,,,,,,,,,,,,,,,,,,
,Attack,110,49 - Earthquake,,,,,,,,,,,,,,,,,,,,
,Defense,65,60 - Explosion,,,,,,,,,,,,,,,,,,,,
,Special Attack,65,,,,,,,,,,,,,,,,,,,,,
,Special Defense,110,,,,,,,,,,,,,,,,,,,,,
,Speed,30,,,,,,,,,,,,,,,,,,,,,
,,,,,,,,,,,,,,,,,,,,,,,
,,,,,,,,,,,,,,,,,,,,,,,
,Dratini,,Learnset,,Dragonair,,Learnset,,Dragonite,,Learnset,,,,,,,,,,,,
,,,1 - Wrap,,,,1 - Wrap,,,,1 - Wrap,,,,,,,,,,,,
,,,1 - Leer,,,,1 - Leer,,,,1 - Leer,,,,,,,,,,,,
,,,8 - Thunder Wave,,,,8 - Thunder Wave,,,,8 - Thunder Wave,,,,,,,,,,,,
,,,15 - Twister,,,,15 - Twister,,,,15 - Twister,,,,,,,,,,,,
,,,22 - Dragon Rage,,,,22 - Dragon Rage,,,,22 - Dragon Rage,,,,,,,,,,,,
,DRAGON,,29 - Dragon Claw,,DRAGON,,29 - Dragon Claw,,DRAGON,FLYING,29 - Dragon Claw,,,,,,,,,,,,
,Ability 1,Marvel Scale,35 - Extremespeed,,Ability 1,Marvel Scale,35 - Extremespeed,,Ability 1,Thick Fat,35 - Extremespeed,,,,,,,,,,,,
,Ability 2,Marvel Scale,66 - Aeroblast,,Ability 2,Marvel Scale,66 - Aeroblast,,Ability 2,Thick Fat,66 - Aeroblast,,,,,,,,,,,,
,Base Stats,,70 - Outrage,,Base Stats,,70 - Outrage,,Base Stats,,70 - Outrage,,,,,,,,,,,,
,HP,41,74 - Sky Attack,,HP,61,74 - Sky Attack,,HP,91,74 - Sky Attack,,,,,,,,,,,,
,Attack,64,74 - Superpower,,Attack,84,74 - Superpower,,Attack,134,74 - Superpower,,,,,,,,,,,,
,Defense,45,,,Defense,65,,,Defense,95,,,,,,,,,,,,,
,Special Attack,50,,,Special Attack,70,,,Special Attack,120(+20),,,,,,,,,,,,,
,Special Defense,50,,,Special Defense,70,,,Special Defense,100,,,,,,,,,,,,,
,Speed,50,,,Speed,70,,,Speed,80,,,,,,,,,,,,,
,,,,,Evolves at level 30.,,,,Evolves at level 66.,,,,,,,,,,,,,,
,,,,,,,,,,,,,,,,,,,,,,,
,,,,,,,,,,,,,,,,,,,,,,,
,Articuno,,Learnset,,,,,,,,,,,,,,,,,,,,
,,,1 - Drill Peck,,,,,,,,,,,,,,,,,,,,
,,,1 - Heat Wave,,,,,,,,,,,,,,,,,,,,
,,,1 - Ice Beam,,,,,,,,,,,,,,,,,,,,
,,,1 - Detect,,,,,,,,,,,,,,,,,,,,
,,,70 - Ice Shard,,,,,,,,,,,,,,,,,,,,
,ICE,FLYING,80 - Recover,,,,,,,,,,,,,,,,,,,,
,Ability 1,Water Absorb,100 - Sky Attack,,,,,,,,,,,,,,,,,,,,
,Ability 2,Water Absorb,100 - Sheer Cold,,,,,,,,,,,,,,,,,,,,
,Base Stats,,,,,,,,,,,,,,,,,,,,,,
,HP,95(+5),,,,,,,,,,,,,,,,,,,,,
,Attack,75(-10),,,,,,,,,,,,,,,,,,,,,
,Defense,90(-10),,,,,,,,,,,,,,,,,,,,,
,Special Attack,130(+35),,,,,,,,,,,,,,,,,,,,,
,Special Defense,90(-35),,,,,,,,,,,,,,,,,,,,,
,Speed,120(+35),,,,,,,,,,,,,,,,,,,,,
,Now learns TM24 and HM03.,,,,,,,,,,,,,,,,,,,,,,
,,,,,,,,,,,,,,,,,,,,,,,
,,,,,,,,,,,,,,,,,,,,,,,
,Zapdos,,Learnset,,,,,,,,,,,,,,,,,,,,
,,,1 - Drill Peck,,,,,,,,,,,,,,,,,,,,
,,,1 - Heat Wave,,,,,,,,,,,,,,,,,,,,
,,,1 - Thunderbolt,,,,,,,,,,,,,,,,,,,,
,,,1 - Detect,,,,,,,,,,,,,,,,,,,,
,,,70 - Thunder Wave,,,,,,,,,,,,,,,,,,,,
,ELECTRIC,FLYING,80 - Recover,,,,,,,,,,,,,,,,,,,,
,Ability 1,Air Lock,100 - Sky Attack,,,,,,,,,,,,,,,,,,,,
,Ability 2,Air Lock,100 - Zap Cannon,,,,,,,,,,,,,,,,,,,,
,Base Stats,,,,,,,,,,,,,,,,,,,,,,
,HP,95(+5),,,,,,,,,,,,,,,,,,,,,
,Attack,90,,,,,,,,,,,,,,,,,,,,,
,Defense,95(+10),,,,,,,,,,,,,,,,,,,,,
,Special Attack,125,,,,,,,,,,,,,,,,,,,,,
,Special Defense,95(+5),,,,,,,,,,,,,,,,,,,,,
,Speed,100,,,,,,,,,,,,,,,,,,,,,
,,,,,,,,,,,,,,,,,,,,,,,
,,,,,,,,,,,,,,,,,,,,,,,
,Moltres,,Learnset,,,,,,,,,,,,,,,,,,,,
,,,1 - Drill Peck,,,,,,,,,,,,,,,,,,,,
,,,1 - Heat Wave,,,,,,,,,,,,,,,,,,,,
,,,1 - Thunderbolt,,,,,,,,,,,,,,,,,,,,
,,,1 - Detect,,,,,,,,,,,,,,,,,,,,
,,,80 - Earthquake,,,,,,,,,,,,,,,,,,,,
,FIRE,FLYING,90 - Overheat,,,,,,,,,,,,,,,,,,,,
,Ability 1,Flash Fire,100 - Sky Attack,,,,,,,,,,,,,,,,,,,,
,Ability 2,Flash Fire,100 -  Blast Burn,,,,,,,,,,,,,,,,,,,,
,Base Stats,,,,,,,,,,,,,,,,,,,,,,
,HP,80(-10),,,,,,,,,,,,,,,,,,,,,
,Attack,125(+30),,,,,,,,,,,,,,,,,,,,,
,Defense,70(-20),,,,,,,,,,,,,,,,,,,,,
,Special Attack,125,,,,,,,,,,,,,,,,,,,,,
,Special Defense,75(-10),,,,,,,,,,,,,,,,,,,,,
,Speed,125(+35),,,,,,,,,,,,,,,,,,,,,